/*!40101 SET @saved_cs_client     = @@character_set_client */;
/*!40101 SET character_set_client = utf8 */;
CREATE TABLE `blockcategories` (
  `id` int(11) NOT NULL AUTO_INCREMENT,
  `blockid` int(11) DEFAULT NULL,
  `categoryid` int(11) DEFAULT NULL,
  PRIMARY KEY (`id`),
  UNIQUE KEY `blockid` (`blockid`,`categoryid`)
) ENGINE=InnoDB AUTO_INCREMENT=512 DEFAULT CHARSET=utf8;
/*!40101 SET character_set_client = @saved_cs_client */;
INSERT INTO `blockcategories` VALUES (142,1,1),(210,2,1),(26,3,2),(40,4,2),(41,5,2),(73,6,2),(131,7,1),(132,7,2),(133,8,2),(188,9,2),(189,9,21),(191,10,2),(248,11,2),(249,11,4),(252,12,2),(259,13,2),(8,14,3),(65,15,3),(122,16,3),(202,17,3),(203,17,14),(206,18,3),(220,19,1),(221,19,3),(6,20,4),(67,21,4),(68,22,3),(69,22,4),(78,23,4),(79,24,4),(80,25,4),(81,26,4),(82,27,1),(83,27,4),(84,28,4),(209,29,4),(216,30,4),(217,30,14),(135,31,5),(136,32,5),(143,33,5),(3,34,1),(4,34,6),(5,35,6),(24,36,6),(31,37,6),(37,38,6),(85,39,6),(86,40,6),(87,40,17),(88,41,6),(89,41,17),(90,42,6),(91,43,6),(92,44,6),(93,45,6),(97,46,6),(103,47,6),(120,48,6),(121,48,17),(124,49,6),(144,50,6),(170,51,6),(171,52,6),(261,53,6),(1,54,7),(10,55,1),(11,55,7),(55,56,7),(94,57,7),(107,58,7),(108,59,7),(109,60,7),(137,61,7),(140,62,7),(167,63,7),(168,64,7),(172,65,7),(196,66,7),(197,67,7),(198,68,1),(199,68,7),(229,69,7),(230,70,7),(232,71,7),(239,72,7),(240,73,7),(247,74,7),(257,75,7),(61,76,8),(96,77,8),(100,78,8),(146,79,8),(147,80,8),(148,81,8),(149,82,8),(150,83,8),(151,84,8),(152,85,8),(153,86,8),(154,87,8),(155,88,8),(156,89,7),(157,89,8),(158,90,8),(159,91,8),(160,92,8),(161,93,8),(162,94,8),(163,95,8),(164,96,8),(165,97,7),(166,97,8),(214,98,8),(215,99,8),(234,100,7),(235,100,8),(238,101,8),(20,102,9),(23,103,9),(50,104,9),(62,105,9),(64,106,9),(76,107,9),(118,108,9),(119,109,9),(123,110,9),(128,111,9),(178,112,9),(179,113,9),(182,114,9),(192,115,9),(193,116,9),(195,117,9),(212,118,9),(231,119,9),(243,120,9),(260,121,9),(262,122,9),(263,123,9),(264,124,9),(12,125,10),(13,126,10),(53,127,1),(54,127,10),(74,128,10),(77,129,10),(98,130,10),(134,131,10),(139,132,10),(141,133,10),(227,134,10),(236,135,10),(110,136,12),(177,137,12),(194,138,12),(267,139,12),(27,140,6),(28,140,13),(29,141,6),(30,141,13),(70,142,1),(71,142,13),(72,143,13),(99,144,13),(104,145,13),(105,146,13),(114,147,13),(115,148,13),(116,149,13),(117,150,13),(138,151,13),(145,152,13),(174,153,1),(175,153,13),(176,154,13),(180,155,1),(181,155,13),(211,156,13),(223,157,13),(225,158,13),(226,159,13),(244,160,13),(245,161,1),(246,161,13),(51,162,15),(52,163,15),(75,164,15),(251,165,1),(250,165,16),(2,166,17),(9,167,17),(18,168,17),(19,169,17),(25,170,17),(34,171,6),(35,171,11),(36,171,17),(42,172,17),(43,173,17),(44,174,1),(45,174,17),(57,175,17),(58,176,1),(59,176,17),(60,177,17),(183,178,1),(184,178,11),(185,178,17),(186,179,11),(187,179,17),(255,180,17),(256,181,17),(265,182,17),(266,183,17),(32,184,11),(33,184,18),(38,185,6),(39,185,18),(46,186,18),(47,187,18),(48,188,1),(49,188,18),(56,189,18),(63,190,18),(106,191,18),(112,192,18),(113,193,18),(125,194,1),(126,194,11),(127,194,18),(129,195,11),(130,195,18),(173,196,18),(201,197,18),(204,198,18),(205,199,18),(207,200,18),(208,201,18),(213,202,18),(218,203,6),(219,203,18),(222,204,18),(228,205,18),(237,206,18),(253,207,18),(254,208,18),(7,209,19),(101,210,19),(190,211,19),(200,212,19),(233,213,19),(258,214,19),(14,215,20),(15,216,20),(16,217,20),(17,218,21),(21,219,21),(22,220,21),(66,221,21),(95,222,21),(102,223,21),(111,224,21),(169,225,21),(224,226,21),(241,227,11),(242,227,21);
/*!40101 SET @saved_cs_client     = @@character_set_client */;
/*!40101 SET character_set_client = utf8 */;
CREATE TABLE `blocks` (
  `id` int(11) NOT NULL AUTO_INCREMENT,
  `name` varchar(50) DEFAULT NULL,
  `initial_explicit_input_ports` int(11) DEFAULT NULL,
  `initial_implicit_input_ports` int(11) DEFAULT NULL,
  `initial_explicit_output_ports` int(11) DEFAULT NULL,
  `initial_implicit_output_ports` int(11) DEFAULT NULL,
  `initial_control_ports` int(11) DEFAULT NULL,
  `initial_command_ports` int(11) DEFAULT NULL,
  `initial_display_parameter` varchar(100) DEFAULT NULL,
  `variable_explicit_input_ports` varchar(100) DEFAULT NULL,
  `variable_implicit_input_ports` varchar(100) DEFAULT NULL,
  `variable_explicit_output_ports` varchar(100) DEFAULT NULL,
  `variable_implicit_output_ports` varchar(100) DEFAULT NULL,
  `variable_control_ports` varchar(100) DEFAULT NULL,
  `variable_command_ports` varchar(100) DEFAULT NULL,
  `variable_display_parameter` varchar(100) DEFAULT NULL,
  `p000` varchar(100) DEFAULT NULL,
  `p001` varchar(100) DEFAULT NULL,
  `p002` varchar(100) DEFAULT NULL,
  `p003` varchar(100) DEFAULT NULL,
  `p004` varchar(100) DEFAULT NULL,
  `p005` varchar(100) DEFAULT NULL,
  `p006` varchar(100) DEFAULT NULL,
  `p007` varchar(100) DEFAULT NULL,
  `p008` varchar(100) DEFAULT NULL,
  `p009` varchar(100) DEFAULT NULL,
  `p010` varchar(100) DEFAULT NULL,
  `p011` varchar(100) DEFAULT NULL,
  `p012` varchar(100) DEFAULT NULL,
  `p013` varchar(100) DEFAULT NULL,
  `p014` varchar(100) DEFAULT NULL,
  `p015` varchar(100) DEFAULT NULL,
  `p016` varchar(100) DEFAULT NULL,
  `p017` varchar(100) DEFAULT NULL,
  `p018` varchar(100) DEFAULT NULL,
  `p019` varchar(100) DEFAULT NULL,
  `p020` varchar(100) DEFAULT NULL,
  `p021` varchar(100) DEFAULT NULL,
  `p022` varchar(100) DEFAULT NULL,
  `p023` varchar(100) DEFAULT NULL,
  `p024` varchar(100) DEFAULT NULL,
  `p025` varchar(100) DEFAULT NULL,
  `p026` varchar(100) DEFAULT NULL,
  `p027` varchar(100) DEFAULT NULL,
  `p028` varchar(100) DEFAULT NULL,
  `p029` varchar(100) DEFAULT NULL,
  `p030` varchar(100) DEFAULT NULL,
  `p031` varchar(100) DEFAULT NULL,
  `p032` varchar(100) DEFAULT NULL,
  `p033` varchar(100) DEFAULT NULL,
  `p034` varchar(100) DEFAULT NULL,
  `p035` varchar(100) DEFAULT NULL,
  `p036` varchar(100) DEFAULT NULL,
  `p037` varchar(100) DEFAULT NULL,
  `p038` varchar(100) DEFAULT NULL,
  `p039` varchar(100) DEFAULT NULL,
  PRIMARY KEY (`id`),
  UNIQUE KEY `name` (`name`)
) ENGINE=InnoDB AUTO_INCREMENT=228 DEFAULT CHARSET=utf8;
/*!40101 SET character_set_client = @saved_cs_client */;
INSERT INTO `blocks` VALUES (1,'LOGICAL_OP',2,0,1,0,0,0,'AND','n','0','1','0','0','0','AND / OR / NAND / NOR / XOR / NOT','number of inputs','Operator : AND(0), OR(1), NAND(2), NOR(3), XOR(4), NOT(5)','Datatype (1=double 3=int32..)','Bitwise Rule (0=No 1=yes)',NULL,NULL,NULL,NULL,NULL,NULL,NULL,NULL,NULL,NULL,NULL,NULL,NULL,NULL,NULL,NULL,NULL,NULL,NULL,NULL,NULL,NULL,NULL,NULL,NULL,NULL,NULL,NULL,NULL,NULL,NULL,NULL,NULL,NULL,NULL,NULL),(2,'RELATIONALOP',2,0,1,0,0,0,'<','2','0','1','0','0','0','','Operator : == (0), `=(1), <(2), <=(3), >(4), >=(5)','Use zero crossing','Datatype',NULL,NULL,NULL,NULL,NULL,NULL,NULL,NULL,NULL,NULL,NULL,NULL,NULL,NULL,NULL,NULL,NULL,NULL,NULL,NULL,NULL,NULL,NULL,NULL,NULL,NULL,NULL,NULL,NULL,NULL,NULL,NULL,NULL,NULL,NULL,NULL,NULL),(3,'CLINDUMMY_f',0,0,0,0,0,0,'','0','0','0','0','0','0','',NULL,NULL,NULL,NULL,NULL,NULL,NULL,NULL,NULL,NULL,NULL,NULL,NULL,NULL,NULL,NULL,NULL,NULL,NULL,NULL,NULL,NULL,NULL,NULL,NULL,NULL,NULL,NULL,NULL,NULL,NULL,NULL,NULL,NULL,NULL,NULL,NULL,NULL,NULL,NULL),(4,'CLR',1,0,1,0,0,0,'1/(1+s)','1','0','1','0','0','0','num/den','Numerator','Denominator',NULL,NULL,NULL,NULL,NULL,NULL,NULL,NULL,NULL,NULL,NULL,NULL,NULL,NULL,NULL,NULL,NULL,NULL,NULL,NULL,NULL,NULL,NULL,NULL,NULL,NULL,NULL,NULL,NULL,NULL,NULL,NULL,NULL,NULL,NULL,NULL,NULL,NULL),(5,'CLSS',1,0,1,0,0,0,'xd = Ax+ Bu, y = Cx + Du','1','0','1','0','0','0','xd = Ax+ Bu, y = Cx + Du','A matrix','B matrix','C matrix','D matrix','initial state',NULL,NULL,NULL,NULL,NULL,NULL,NULL,NULL,NULL,NULL,NULL,NULL,NULL,NULL,NULL,NULL,NULL,NULL,NULL,NULL,NULL,NULL,NULL,NULL,NULL,NULL,NULL,NULL,NULL,NULL,NULL,NULL,NULL,NULL,NULL),(6,'DERIV',1,0,1,0,0,0,'du/dt','1','0','1','0','0','0','du/dt',NULL,NULL,NULL,NULL,NULL,NULL,NULL,NULL,NULL,NULL,NULL,NULL,NULL,NULL,NULL,NULL,NULL,NULL,NULL,NULL,NULL,NULL,NULL,NULL,NULL,NULL,NULL,NULL,NULL,NULL,NULL,NULL,NULL,NULL,NULL,NULL,NULL,NULL,NULL,NULL),(7,'INTEGRAL_f',1,0,1,0,0,0,'1/s','1','0','1','0','0','0','1/s','Initial state',NULL,NULL,NULL,NULL,NULL,NULL,NULL,NULL,NULL,NULL,NULL,NULL,NULL,NULL,NULL,NULL,NULL,NULL,NULL,NULL,NULL,NULL,NULL,NULL,NULL,NULL,NULL,NULL,NULL,NULL,NULL,NULL,NULL,NULL,NULL,NULL,NULL,NULL,NULL),(8,'INTEGRAL_m',1,0,1,0,0,0,'','1/2','0','1','0','0/1','0','','Initial condition','with re-initialization','with saturation','Upper limit','Lower limit',NULL,NULL,NULL,NULL,NULL,NULL,NULL,NULL,NULL,NULL,NULL,NULL,NULL,NULL,NULL,NULL,NULL,NULL,NULL,NULL,NULL,NULL,NULL,NULL,NULL,NULL,NULL,NULL,NULL,NULL,NULL,NULL,NULL,NULL,NULL),(9,'PDE',5,0,2,0,0,0,'PDE','','0','','0','','','',NULL,NULL,NULL,NULL,NULL,NULL,NULL,NULL,NULL,NULL,NULL,NULL,NULL,NULL,NULL,NULL,NULL,NULL,NULL,NULL,NULL,NULL,NULL,NULL,NULL,NULL,NULL,NULL,NULL,NULL,NULL,NULL,NULL,NULL,NULL,NULL,NULL,NULL,NULL,NULL),(10,'PID',1,0,1,0,0,0,'PID','1','0','1','0','0','0','PID','Proportional','Integral','Derivation',NULL,NULL,NULL,NULL,NULL,NULL,NULL,NULL,NULL,NULL,NULL,NULL,NULL,NULL,NULL,NULL,NULL,NULL,NULL,NULL,NULL,NULL,NULL,NULL,NULL,NULL,NULL,NULL,NULL,NULL,NULL,NULL,NULL,NULL,NULL,NULL,NULL),(11,'TCLSS',2,0,1,0,1,0,'Jump (A,B,C,D)','2','0','1','0','1','0','Jump (A,B,C,D)','A matrix','B matrix','C matrix','D matrix','Initial state',NULL,NULL,NULL,NULL,NULL,NULL,NULL,NULL,NULL,NULL,NULL,NULL,NULL,NULL,NULL,NULL,NULL,NULL,NULL,NULL,NULL,NULL,NULL,NULL,NULL,NULL,NULL,NULL,NULL,NULL,NULL,NULL,NULL,NULL,NULL),(12,'TIME_DELAY',1,0,1,0,0,0,'Continuous fix delay','1','0','1','0','0','0','Continuous fix delay','Delay','Initial input','Buffer size',NULL,NULL,NULL,NULL,NULL,NULL,NULL,NULL,NULL,NULL,NULL,NULL,NULL,NULL,NULL,NULL,NULL,NULL,NULL,NULL,NULL,NULL,NULL,NULL,NULL,NULL,NULL,NULL,NULL,NULL,NULL,NULL,NULL,NULL,NULL,NULL,NULL),(13,'VARIABLE_DELAY',2,0,1,0,0,0,'Variable Delay','2','0','1','0','0','0','Variable Delay','Max delay','Initial input','Buffer size',NULL,NULL,NULL,NULL,NULL,NULL,NULL,NULL,NULL,NULL,NULL,NULL,NULL,NULL,NULL,NULL,NULL,NULL,NULL,NULL,NULL,NULL,NULL,NULL,NULL,NULL,NULL,NULL,NULL,NULL,NULL,NULL,NULL,NULL,NULL,NULL,NULL),(14,'BACKLASH',1,0,1,0,0,0,'Backlash','1','0','1','0','0','0','Backlash','initial output','gap','use zero crossing(0:no, 1:yes)',NULL,NULL,NULL,NULL,NULL,NULL,NULL,NULL,NULL,NULL,NULL,NULL,NULL,NULL,NULL,NULL,NULL,NULL,NULL,NULL,NULL,NULL,NULL,NULL,NULL,NULL,NULL,NULL,NULL,NULL,NULL,NULL,NULL,NULL,NULL,NULL,NULL),(15,'DEADBAND',1,0,1,0,0,0,'','1','0','1','0','0','0','','End of dead band','Start of dead band','zero crossing (0:no, 1:yes)',NULL,NULL,NULL,NULL,NULL,NULL,NULL,NULL,NULL,NULL,NULL,NULL,NULL,NULL,NULL,NULL,NULL,NULL,NULL,NULL,NULL,NULL,NULL,NULL,NULL,NULL,NULL,NULL,NULL,NULL,NULL,NULL,NULL,NULL,NULL,NULL,NULL),(16,'HYSTHERESIS',1,0,1,0,0,0,'','1','0','1','0','0','0','','switch on at','switch off at','output when on','output when off','use zero crossing',NULL,NULL,NULL,NULL,NULL,NULL,NULL,NULL,NULL,NULL,NULL,NULL,NULL,NULL,NULL,NULL,NULL,NULL,NULL,NULL,NULL,NULL,NULL,NULL,NULL,NULL,NULL,NULL,NULL,NULL,NULL,NULL,NULL,NULL,NULL),(17,'QUANT_f',1,0,1,0,0,0,'','1','0','1','0','0','0','','Step','Quantization Type (1-4)',NULL,NULL,NULL,NULL,NULL,NULL,NULL,NULL,NULL,NULL,NULL,NULL,NULL,NULL,NULL,NULL,NULL,NULL,NULL,NULL,NULL,NULL,NULL,NULL,NULL,NULL,NULL,NULL,NULL,NULL,NULL,NULL,NULL,NULL,NULL,NULL,NULL,NULL),(18,'RATELIMITER',1,0,1,0,0,0,'Rate limiter','1','0','1','0','0','0','Rate limiter','max slope','min slope',NULL,NULL,NULL,NULL,NULL,NULL,NULL,NULL,NULL,NULL,NULL,NULL,NULL,NULL,NULL,NULL,NULL,NULL,NULL,NULL,NULL,NULL,NULL,NULL,NULL,NULL,NULL,NULL,NULL,NULL,NULL,NULL,NULL,NULL,NULL,NULL,NULL,NULL),(19,'SATURATION',1,0,1,0,0,0,'','1','0','1','0','0','0','','Upper limit','Lower limit','zero crossing',NULL,NULL,NULL,NULL,NULL,NULL,NULL,NULL,NULL,NULL,NULL,NULL,NULL,NULL,NULL,NULL,NULL,NULL,NULL,NULL,NULL,NULL,NULL,NULL,NULL,NULL,NULL,NULL,NULL,NULL,NULL,NULL,NULL,NULL,NULL,NULL,NULL),(20,'AUTOMAT',2,0,2,0,0,1,'Automaton nM=2, nX=1','2','0','2','0','0','1','Automaton nM=2, nX=1','Number(finite state) Mode','Initial Mode','Number of continuous timestates','Continuous time states initial value','Xproperties of continuous time states in each mode','Jump from Mode 1:[..;M_final(Guard=In(1).i);..]','Jump from Mode 2:[..;M_final(Guard=In(1).i);..]',NULL,NULL,NULL,NULL,NULL,NULL,NULL,NULL,NULL,NULL,NULL,NULL,NULL,NULL,NULL,NULL,NULL,NULL,NULL,NULL,NULL,NULL,NULL,NULL,NULL,NULL,NULL,NULL,NULL,NULL,NULL,NULL,NULL),(21,'DELAY_f',1,0,1,0,0,0,'Delay','1','0','1','0','0','0','Delay','Discretization time step','Register initial state',NULL,NULL,NULL,NULL,NULL,NULL,NULL,NULL,NULL,NULL,NULL,NULL,NULL,NULL,NULL,NULL,NULL,NULL,NULL,NULL,NULL,NULL,NULL,NULL,NULL,NULL,NULL,NULL,NULL,NULL,NULL,NULL,NULL,NULL,NULL,NULL,NULL,NULL),(22,'DELAYV_f',2,0,1,0,1,2,'Variable delay','2','0','1','0','1','2','Variable delay','Number of inputs','Register initial condition','Max delay',NULL,NULL,NULL,NULL,NULL,NULL,NULL,NULL,NULL,NULL,NULL,NULL,NULL,NULL,NULL,NULL,NULL,NULL,NULL,NULL,NULL,NULL,NULL,NULL,NULL,NULL,NULL,NULL,NULL,NULL,NULL,NULL,NULL,NULL,NULL,NULL,NULL),(23,'DLR',1,0,1,0,1,0,'1/1+z','1','0','1','0','1','0','n/1+z','Numerator (z)','Denominator (z)',NULL,NULL,NULL,NULL,NULL,NULL,NULL,NULL,NULL,NULL,NULL,NULL,NULL,NULL,NULL,NULL,NULL,NULL,NULL,NULL,NULL,NULL,NULL,NULL,NULL,NULL,NULL,NULL,NULL,NULL,NULL,NULL,NULL,NULL,NULL,NULL,NULL,NULL),(24,'DLRADAPT_f',2,0,1,0,1,0,'N (z,p)/D (z,p)','2','0','1','0','1','0','N (z,p)/D (z,p)','Vector of p mesh points','Numerator roots (one line for each mesh)','Denominator roots (one line for each mesh)','Vector of gain at mesh points','past inputs (Num degree values)','past outputs (Den degree values)',NULL,NULL,NULL,NULL,NULL,NULL,NULL,NULL,NULL,NULL,NULL,NULL,NULL,NULL,NULL,NULL,NULL,NULL,NULL,NULL,NULL,NULL,NULL,NULL,NULL,NULL,NULL,NULL,NULL,NULL,NULL,NULL,NULL,NULL),(25,'DLSS',1,0,1,0,1,0,'x = Ax+Bu, y = Cx+Du','1','0','1','0','1','0','x = Ax+Bu, y = Cx+Du','A matrix','B matrix','C matrix','D matrix','Initial state',NULL,NULL,NULL,NULL,NULL,NULL,NULL,NULL,NULL,NULL,NULL,NULL,NULL,NULL,NULL,NULL,NULL,NULL,NULL,NULL,NULL,NULL,NULL,NULL,NULL,NULL,NULL,NULL,NULL,NULL,NULL,NULL,NULL,NULL,NULL),(26,'DOLLAR',1,0,1,0,1,0,'1/z','1','0','1','0','0','0','1/z','initial condition','Inherit (no:0, yes:1)',NULL,NULL,NULL,NULL,NULL,NULL,NULL,NULL,NULL,NULL,NULL,NULL,NULL,NULL,NULL,NULL,NULL,NULL,NULL,NULL,NULL,NULL,NULL,NULL,NULL,NULL,NULL,NULL,NULL,NULL,NULL,NULL,NULL,NULL,NULL,NULL,NULL,NULL),(27,'DOLLAR_f',1,0,1,0,1,0,'1/z','1','0','1','0','0','0','1/z','initial condition','Inherit (no:0, yes:1)',NULL,NULL,NULL,NULL,NULL,NULL,NULL,NULL,NULL,NULL,NULL,NULL,NULL,NULL,NULL,NULL,NULL,NULL,NULL,NULL,NULL,NULL,NULL,NULL,NULL,NULL,NULL,NULL,NULL,NULL,NULL,NULL,NULL,NULL,NULL,NULL,NULL,NULL),(28,'DOLLAR_m',1,0,1,0,1,0,'1/z','1','0','1','0','0','0','1/z','initial condition','Inherit (no:0, yes:1)',NULL,NULL,NULL,NULL,NULL,NULL,NULL,NULL,NULL,NULL,NULL,NULL,NULL,NULL,NULL,NULL,NULL,NULL,NULL,NULL,NULL,NULL,NULL,NULL,NULL,NULL,NULL,NULL,NULL,NULL,NULL,NULL,NULL,NULL,NULL,NULL,NULL,NULL),(29,'REGISTER',1,0,1,0,1,0,'Shift register','1','0','1','0','1','0','Shift register','Register initial condition','Datatype( 1=double, 3=int32)',NULL,NULL,NULL,NULL,NULL,NULL,NULL,NULL,NULL,NULL,NULL,NULL,NULL,NULL,NULL,NULL,NULL,NULL,NULL,NULL,NULL,NULL,NULL,NULL,NULL,NULL,NULL,NULL,NULL,NULL,NULL,NULL,NULL,NULL,NULL,NULL,NULL,NULL),(30,'SAMPHOLD_m',1,0,1,0,1,0,'S / H','1','0','1','0','1','0','S / H','Datatype (1=real double 2=Complex 3=int32...)',NULL,NULL,NULL,NULL,NULL,NULL,NULL,NULL,NULL,NULL,NULL,NULL,NULL,NULL,NULL,NULL,NULL,NULL,NULL,NULL,NULL,NULL,NULL,NULL,NULL,NULL,NULL,NULL,NULL,NULL,NULL,NULL,NULL,NULL,NULL,NULL,NULL,NULL,NULL),(31,'INTRP2BLK_f',2,0,1,0,0,0,'Interp 2','2','0','1','0','0','0','Interp 2','X coord','Y coord','Z values',NULL,NULL,NULL,NULL,NULL,NULL,NULL,NULL,NULL,NULL,NULL,NULL,NULL,NULL,NULL,NULL,NULL,NULL,NULL,NULL,NULL,NULL,NULL,NULL,NULL,NULL,NULL,NULL,NULL,NULL,NULL,NULL,NULL,NULL,NULL,NULL,NULL),(32,'INTRPLBLK_f',1,0,1,0,0,0,'Interp','1','0','1','0','0','0','Interp','X coord','Y coord',NULL,NULL,NULL,NULL,NULL,NULL,NULL,NULL,NULL,NULL,NULL,NULL,NULL,NULL,NULL,NULL,NULL,NULL,NULL,NULL,NULL,NULL,NULL,NULL,NULL,NULL,NULL,NULL,NULL,NULL,NULL,NULL,NULL,NULL,NULL,NULL,NULL,NULL),(33,'LOOKUP_f',1,0,1,0,0,0,'','1','0','1','0','0','0','','xmin','xmax','ymin','ymax',NULL,NULL,NULL,NULL,NULL,NULL,NULL,NULL,NULL,NULL,NULL,NULL,NULL,NULL,NULL,NULL,NULL,NULL,NULL,NULL,NULL,NULL,NULL,NULL,NULL,NULL,NULL,NULL,NULL,NULL,NULL,NULL,NULL,NULL,NULL,NULL),(34,'ANDBLK',0,0,0,0,2,1,'','','0','','0','','','',NULL,NULL,NULL,NULL,NULL,NULL,NULL,NULL,NULL,NULL,NULL,NULL,NULL,NULL,NULL,NULL,NULL,NULL,NULL,NULL,NULL,NULL,NULL,NULL,NULL,NULL,NULL,NULL,NULL,NULL,NULL,NULL,NULL,NULL,NULL,NULL,NULL,NULL,NULL,NULL),(35,'ANDLOG_f',0,0,1,0,2,0,'','','0','','0','','','',NULL,NULL,NULL,NULL,NULL,NULL,NULL,NULL,NULL,NULL,NULL,NULL,NULL,NULL,NULL,NULL,NULL,NULL,NULL,NULL,NULL,NULL,NULL,NULL,NULL,NULL,NULL,NULL,NULL,NULL,NULL,NULL,NULL,NULL,NULL,NULL,NULL,NULL,NULL,NULL),(36,'CEVENTSCOPE',0,0,0,0,1,0,'','0','0','0','0','1','0','','Number of event inputs','color(>0) or mark(<0)','Output window number','Output window position','Output window size','Refresh period',NULL,NULL,NULL,NULL,NULL,NULL,NULL,NULL,NULL,NULL,NULL,NULL,NULL,NULL,NULL,NULL,NULL,NULL,NULL,NULL,NULL,NULL,NULL,NULL,NULL,NULL,NULL,NULL,NULL,NULL,NULL,NULL,NULL,NULL),(37,'CLKGotoTagVisibility',0,0,0,0,0,0,'{A}','0','0','0','0','0','0','{n}','GoToTag',NULL,NULL,NULL,NULL,NULL,NULL,NULL,NULL,NULL,NULL,NULL,NULL,NULL,NULL,NULL,NULL,NULL,NULL,NULL,NULL,NULL,NULL,NULL,NULL,NULL,NULL,NULL,NULL,NULL,NULL,NULL,NULL,NULL,NULL,NULL,NULL,NULL,NULL,NULL),(38,'CLKSOMV_f',0,0,0,0,3,1,'','','0','','0','','','',NULL,NULL,NULL,NULL,NULL,NULL,NULL,NULL,NULL,NULL,NULL,NULL,NULL,NULL,NULL,NULL,NULL,NULL,NULL,NULL,NULL,NULL,NULL,NULL,NULL,NULL,NULL,NULL,NULL,NULL,NULL,NULL,NULL,NULL,NULL,NULL,NULL,NULL,NULL,NULL),(39,'EDGE_TRIGGER',1,0,0,0,0,1,'Edge tigger','1','0','0','0','0','1','Edge tigger','rising(1), falling(-1), both(0)',NULL,NULL,NULL,NULL,NULL,NULL,NULL,NULL,NULL,NULL,NULL,NULL,NULL,NULL,NULL,NULL,NULL,NULL,NULL,NULL,NULL,NULL,NULL,NULL,NULL,NULL,NULL,NULL,NULL,NULL,NULL,NULL,NULL,NULL,NULL,NULL,NULL,NULL,NULL),(40,'END_c',0,0,0,0,1,1,'END','0','0','0','0','1','1','END','Final simulation time',NULL,NULL,NULL,NULL,NULL,NULL,NULL,NULL,NULL,NULL,NULL,NULL,NULL,NULL,NULL,NULL,NULL,NULL,NULL,NULL,NULL,NULL,NULL,NULL,NULL,NULL,NULL,NULL,NULL,NULL,NULL,NULL,NULL,NULL,NULL,NULL,NULL,NULL,NULL),(41,'ENDBLK',0,0,0,0,0,0,'END','0','0','0','0','0','0','END','Final simulation time',NULL,NULL,NULL,NULL,NULL,NULL,NULL,NULL,NULL,NULL,NULL,NULL,NULL,NULL,NULL,NULL,NULL,NULL,NULL,NULL,NULL,NULL,NULL,NULL,NULL,NULL,NULL,NULL,NULL,NULL,NULL,NULL,NULL,NULL,NULL,NULL,NULL,NULL,NULL),(42,'ESELECT_f',1,0,0,0,1,2,'Event select','1','0','0','0','0/1','n','Event select','number of output event ports','Inherit (1:no, 0:yes)','zero-crossing (0:no, 1:yes)',NULL,NULL,NULL,NULL,NULL,NULL,NULL,NULL,NULL,NULL,NULL,NULL,NULL,NULL,NULL,NULL,NULL,NULL,NULL,NULL,NULL,NULL,NULL,NULL,NULL,NULL,NULL,NULL,NULL,NULL,NULL,NULL,NULL,NULL,NULL,NULL,NULL),(43,'EVTDLY_c',0,0,0,0,1,1,'Delay: 0.1','0','0','0','0','1','1','Delay: n','Delay','Date of initial output event',NULL,NULL,NULL,NULL,NULL,NULL,NULL,NULL,NULL,NULL,NULL,NULL,NULL,NULL,NULL,NULL,NULL,NULL,NULL,NULL,NULL,NULL,NULL,NULL,NULL,NULL,NULL,NULL,NULL,NULL,NULL,NULL,NULL,NULL,NULL,NULL,NULL,NULL),(44,'EVTGEN_f',0,0,0,0,0,1,'Event at time 0','0','0','0','0','0','1','Event at time n','Event Time',NULL,NULL,NULL,NULL,NULL,NULL,NULL,NULL,NULL,NULL,NULL,NULL,NULL,NULL,NULL,NULL,NULL,NULL,NULL,NULL,NULL,NULL,NULL,NULL,NULL,NULL,NULL,NULL,NULL,NULL,NULL,NULL,NULL,NULL,NULL,NULL,NULL,NULL,NULL),(45,'EVTVARDLY',1,0,0,0,1,1,'Event delay','1','0','0','0','1','1','Event delay','Initial event firing time (<0 if absent)',NULL,NULL,NULL,NULL,NULL,NULL,NULL,NULL,NULL,NULL,NULL,NULL,NULL,NULL,NULL,NULL,NULL,NULL,NULL,NULL,NULL,NULL,NULL,NULL,NULL,NULL,NULL,NULL,NULL,NULL,NULL,NULL,NULL,NULL,NULL,NULL,NULL,NULL,NULL),(46,'Extract_Activation',1,0,0,0,0,1,'Extract Activation','','0','','0','','','',NULL,NULL,NULL,NULL,NULL,NULL,NULL,NULL,NULL,NULL,NULL,NULL,NULL,NULL,NULL,NULL,NULL,NULL,NULL,NULL,NULL,NULL,NULL,NULL,NULL,NULL,NULL,NULL,NULL,NULL,NULL,NULL,NULL,NULL,NULL,NULL,NULL,NULL,NULL,NULL),(47,'freq_div',0,0,0,0,1,1,'Frequency division','0','0','0','0','1','1','Frequency division','Phase (0 to division factor -1)','Division factor',NULL,NULL,NULL,NULL,NULL,NULL,NULL,NULL,NULL,NULL,NULL,NULL,NULL,NULL,NULL,NULL,NULL,NULL,NULL,NULL,NULL,NULL,NULL,NULL,NULL,NULL,NULL,NULL,NULL,NULL,NULL,NULL,NULL,NULL,NULL,NULL,NULL,NULL),(48,'HALT_f',0,0,0,0,1,0,'HALT','0','0','0','0','1','0','HALT','State on halt',NULL,NULL,NULL,NULL,NULL,NULL,NULL,NULL,NULL,NULL,NULL,NULL,NULL,NULL,NULL,NULL,NULL,NULL,NULL,NULL,NULL,NULL,NULL,NULL,NULL,NULL,NULL,NULL,NULL,NULL,NULL,NULL,NULL,NULL,NULL,NULL,NULL,NULL,NULL),(49,'IFTHEL_f',1,0,0,0,1,2,'if n>0 then else','1','0','0','0','0/1','2','','Inherit(1:yes, 0:no)','use zero crossing(0:no , 1:yes)',NULL,NULL,NULL,NULL,NULL,NULL,NULL,NULL,NULL,NULL,NULL,NULL,NULL,NULL,NULL,NULL,NULL,NULL,NULL,NULL,NULL,NULL,NULL,NULL,NULL,NULL,NULL,NULL,NULL,NULL,NULL,NULL,NULL,NULL,NULL,NULL,NULL,NULL),(50,'M_freq',0,0,0,0,1,3,'Multiple frequency','0','0','0','0','1','3','Multiple frequency','Sample time','Offset',NULL,NULL,NULL,NULL,NULL,NULL,NULL,NULL,NULL,NULL,NULL,NULL,NULL,NULL,NULL,NULL,NULL,NULL,NULL,NULL,NULL,NULL,NULL,NULL,NULL,NULL,NULL,NULL,NULL,NULL,NULL,NULL,NULL,NULL,NULL,NULL,NULL,NULL),(51,'MCLOCK_f',0,0,0,0,0,2,'2freq clock f/n f','0','0','0','0','0','2','2freq clock f/n f','basic period (1/f)','multiply by (n)',NULL,NULL,NULL,NULL,NULL,NULL,NULL,NULL,NULL,NULL,NULL,NULL,NULL,NULL,NULL,NULL,NULL,NULL,NULL,NULL,NULL,NULL,NULL,NULL,NULL,NULL,NULL,NULL,NULL,NULL,NULL,NULL,NULL,NULL,NULL,NULL,NULL,NULL),(52,'MFCLCK_f',0,0,0,0,1,2,'M. freq clock','0','0','0','0','1','2','M. freq clock','basic period (1/f)','multiply by (n)',NULL,NULL,NULL,NULL,NULL,NULL,NULL,NULL,NULL,NULL,NULL,NULL,NULL,NULL,NULL,NULL,NULL,NULL,NULL,NULL,NULL,NULL,NULL,NULL,NULL,NULL,NULL,NULL,NULL,NULL,NULL,NULL,NULL,NULL,NULL,NULL,NULL,NULL),(53,'VirtualCLK0',0,0,0,0,1,0,'','','0','','0','','','',NULL,NULL,NULL,NULL,NULL,NULL,NULL,NULL,NULL,NULL,NULL,NULL,NULL,NULL,NULL,NULL,NULL,NULL,NULL,NULL,NULL,NULL,NULL,NULL,NULL,NULL,NULL,NULL,NULL,NULL,NULL,NULL,NULL,NULL,NULL,NULL,NULL,NULL,NULL,NULL),(54,'ABS_VALUE',1,0,1,0,0,0,'ABS','1','0','1','0','0','0','ABS','use zero crossing (0/1)?',NULL,NULL,NULL,NULL,NULL,NULL,NULL,NULL,NULL,NULL,NULL,NULL,NULL,NULL,NULL,NULL,NULL,NULL,NULL,NULL,NULL,NULL,NULL,NULL,NULL,NULL,NULL,NULL,NULL,NULL,NULL,NULL,NULL,NULL,NULL,NULL,NULL,NULL,NULL),(55,'BIGSOM_f',2,0,1,0,0,0,'','n','0','1','0','0','0','','Inputs port sign/gain',NULL,NULL,NULL,NULL,NULL,NULL,NULL,NULL,NULL,NULL,NULL,NULL,NULL,NULL,NULL,NULL,NULL,NULL,NULL,NULL,NULL,NULL,NULL,NULL,NULL,NULL,NULL,NULL,NULL,NULL,NULL,NULL,NULL,NULL,NULL,NULL,NULL,NULL,NULL),(56,'COSBLK_f',1,0,1,0,0,0,'cos','','0','','0','','','',NULL,NULL,NULL,NULL,NULL,NULL,NULL,NULL,NULL,NULL,NULL,NULL,NULL,NULL,NULL,NULL,NULL,NULL,NULL,NULL,NULL,NULL,NULL,NULL,NULL,NULL,NULL,NULL,NULL,NULL,NULL,NULL,NULL,NULL,NULL,NULL,NULL,NULL,NULL,NULL),(57,'EXPBLK_m',1,0,1,0,0,0,'a^u','1','0','1','0','0','0','a^u','a (>0)',NULL,NULL,NULL,NULL,NULL,NULL,NULL,NULL,NULL,NULL,NULL,NULL,NULL,NULL,NULL,NULL,NULL,NULL,NULL,NULL,NULL,NULL,NULL,NULL,NULL,NULL,NULL,NULL,NULL,NULL,NULL,NULL,NULL,NULL,NULL,NULL,NULL,NULL,NULL),(58,'GAIN_f',1,0,1,0,0,0,'1','1','0','1','0','0','0','n','Gain',NULL,NULL,NULL,NULL,NULL,NULL,NULL,NULL,NULL,NULL,NULL,NULL,NULL,NULL,NULL,NULL,NULL,NULL,NULL,NULL,NULL,NULL,NULL,NULL,NULL,NULL,NULL,NULL,NULL,NULL,NULL,NULL,NULL,NULL,NULL,NULL,NULL,NULL,NULL),(59,'GAINBLK',1,0,1,0,0,0,'1','1','0','1','0','0','0','n','Gain','Do On Overflow (0=Nothing 1=Saturate 2=Error)',NULL,NULL,NULL,NULL,NULL,NULL,NULL,NULL,NULL,NULL,NULL,NULL,NULL,NULL,NULL,NULL,NULL,NULL,NULL,NULL,NULL,NULL,NULL,NULL,NULL,NULL,NULL,NULL,NULL,NULL,NULL,NULL,NULL,NULL,NULL,NULL,NULL,NULL),(60,'GAINBLK_f',1,0,1,0,0,0,'1','1','0','1','0','0','0','n','Gain',NULL,NULL,NULL,NULL,NULL,NULL,NULL,NULL,NULL,NULL,NULL,NULL,NULL,NULL,NULL,NULL,NULL,NULL,NULL,NULL,NULL,NULL,NULL,NULL,NULL,NULL,NULL,NULL,NULL,NULL,NULL,NULL,NULL,NULL,NULL,NULL,NULL,NULL,NULL),(61,'INVBLK',1,0,1,0,0,0,'1/u','','0','','0','','','',NULL,NULL,NULL,NULL,NULL,NULL,NULL,NULL,NULL,NULL,NULL,NULL,NULL,NULL,NULL,NULL,NULL,NULL,NULL,NULL,NULL,NULL,NULL,NULL,NULL,NULL,NULL,NULL,NULL,NULL,NULL,NULL,NULL,NULL,NULL,NULL,NULL,NULL,NULL,NULL),(62,'LOGBLK_f',1,0,1,0,0,0,'LOG','1','0','1','0','0','0','LOG','Basis(>1)',NULL,NULL,NULL,NULL,NULL,NULL,NULL,NULL,NULL,NULL,NULL,NULL,NULL,NULL,NULL,NULL,NULL,NULL,NULL,NULL,NULL,NULL,NULL,NULL,NULL,NULL,NULL,NULL,NULL,NULL,NULL,NULL,NULL,NULL,NULL,NULL,NULL,NULL,NULL),(63,'MAX_f',1,0,1,0,0,0,'MAX','','0','','0','','','',NULL,NULL,NULL,NULL,NULL,NULL,NULL,NULL,NULL,NULL,NULL,NULL,NULL,NULL,NULL,NULL,NULL,NULL,NULL,NULL,NULL,NULL,NULL,NULL,NULL,NULL,NULL,NULL,NULL,NULL,NULL,NULL,NULL,NULL,NULL,NULL,NULL,NULL,NULL,NULL),(64,'MAXMIN',1,0,1,0,0,0,'MAX','1/2','0','1','0','0','0','MAX/MIN','Min(1) or Max(2)','Number of input vectors(1 or 2)','zero crossing (1:yes, 0:no)',NULL,NULL,NULL,NULL,NULL,NULL,NULL,NULL,NULL,NULL,NULL,NULL,NULL,NULL,NULL,NULL,NULL,NULL,NULL,NULL,NULL,NULL,NULL,NULL,NULL,NULL,NULL,NULL,NULL,NULL,NULL,NULL,NULL,NULL,NULL,NULL,NULL),(65,'MIN_f',1,0,1,0,0,0,'MIN','','0','','0','','','',NULL,NULL,NULL,NULL,NULL,NULL,NULL,NULL,NULL,NULL,NULL,NULL,NULL,NULL,NULL,NULL,NULL,NULL,NULL,NULL,NULL,NULL,NULL,NULL,NULL,NULL,NULL,NULL,NULL,NULL,NULL,NULL,NULL,NULL,NULL,NULL,NULL,NULL,NULL,NULL),(66,'POWBLK_f',1,0,1,0,0,0,'u ^ a','1','0','1','0','0','0','u ^ a','to the power of',NULL,NULL,NULL,NULL,NULL,NULL,NULL,NULL,NULL,NULL,NULL,NULL,NULL,NULL,NULL,NULL,NULL,NULL,NULL,NULL,NULL,NULL,NULL,NULL,NULL,NULL,NULL,NULL,NULL,NULL,NULL,NULL,NULL,NULL,NULL,NULL,NULL,NULL,NULL),(67,'PROD_f',2,0,1,0,0,0,'','','0','','0','','','',NULL,NULL,NULL,NULL,NULL,NULL,NULL,NULL,NULL,NULL,NULL,NULL,NULL,NULL,NULL,NULL,NULL,NULL,NULL,NULL,NULL,NULL,NULL,NULL,NULL,NULL,NULL,NULL,NULL,NULL,NULL,NULL,NULL,NULL,NULL,NULL,NULL,NULL,NULL,NULL),(68,'PRODUCT',2,0,1,0,0,0,'','2','0','1','0','0','0','','Number of inputs or sign vector',NULL,NULL,NULL,NULL,NULL,NULL,NULL,NULL,NULL,NULL,NULL,NULL,NULL,NULL,NULL,NULL,NULL,NULL,NULL,NULL,NULL,NULL,NULL,NULL,NULL,NULL,NULL,NULL,NULL,NULL,NULL,NULL,NULL,NULL,NULL,NULL,NULL,NULL,NULL),(69,'SIGNUM',1,0,1,0,0,0,'SIGN','1','0','1','0','0','0','SIGN','use zero crossing (1:yes, 0:no)',NULL,NULL,NULL,NULL,NULL,NULL,NULL,NULL,NULL,NULL,NULL,NULL,NULL,NULL,NULL,NULL,NULL,NULL,NULL,NULL,NULL,NULL,NULL,NULL,NULL,NULL,NULL,NULL,NULL,NULL,NULL,NULL,NULL,NULL,NULL,NULL,NULL,NULL,NULL),(70,'SINBLK_f',1,0,1,0,0,0,'SIN','','0','','0','','','',NULL,NULL,NULL,NULL,NULL,NULL,NULL,NULL,NULL,NULL,NULL,NULL,NULL,NULL,NULL,NULL,NULL,NULL,NULL,NULL,NULL,NULL,NULL,NULL,NULL,NULL,NULL,NULL,NULL,NULL,NULL,NULL,NULL,NULL,NULL,NULL,NULL,NULL,NULL,NULL),(71,'SOM_f',3,0,1,0,0,0,'','','0','','0','','','',NULL,NULL,NULL,NULL,NULL,NULL,NULL,NULL,NULL,NULL,NULL,NULL,NULL,NULL,NULL,NULL,NULL,NULL,NULL,NULL,NULL,NULL,NULL,NULL,NULL,NULL,NULL,NULL,NULL,NULL,NULL,NULL,NULL,NULL,NULL,NULL,NULL,NULL,NULL,NULL),(72,'SUM_f',3,0,1,0,0,0,'','','0','','0','','','',NULL,NULL,NULL,NULL,NULL,NULL,NULL,NULL,NULL,NULL,NULL,NULL,NULL,NULL,NULL,NULL,NULL,NULL,NULL,NULL,NULL,NULL,NULL,NULL,NULL,NULL,NULL,NULL,NULL,NULL,NULL,NULL,NULL,NULL,NULL,NULL,NULL,NULL,NULL,NULL),(73,'SUMMATION',2,0,1,0,0,0,'','2','0','1','0','0','0','','Datatype ( 1= real double, 2=complex, 3=int32)','Number of inputs or sign vector( of +1, -1)','Do on overflow (0=Nothing, 1=Saturate, 2=Error)',NULL,NULL,NULL,NULL,NULL,NULL,NULL,NULL,NULL,NULL,NULL,NULL,NULL,NULL,NULL,NULL,NULL,NULL,NULL,NULL,NULL,NULL,NULL,NULL,NULL,NULL,NULL,NULL,NULL,NULL,NULL,NULL,NULL,NULL,NULL,NULL,NULL),(74,'TANBLK_f',1,0,1,0,0,0,'TAN','','0','','0','','','',NULL,NULL,NULL,NULL,NULL,NULL,NULL,NULL,NULL,NULL,NULL,NULL,NULL,NULL,NULL,NULL,NULL,NULL,NULL,NULL,NULL,NULL,NULL,NULL,NULL,NULL,NULL,NULL,NULL,NULL,NULL,NULL,NULL,NULL,NULL,NULL,NULL,NULL,NULL,NULL),(75,'TrigFun',1,0,1,0,0,0,'Trig functon','','0','','0','','','','Function',NULL,NULL,NULL,NULL,NULL,NULL,NULL,NULL,NULL,NULL,NULL,NULL,NULL,NULL,NULL,NULL,NULL,NULL,NULL,NULL,NULL,NULL,NULL,NULL,NULL,NULL,NULL,NULL,NULL,NULL,NULL,NULL,NULL,NULL,NULL,NULL,NULL,NULL,NULL),(76,'CUMSUM',1,0,1,0,0,0,'CUMSUM','1','0','1','0','0','0','CUMSUM','Datatype(1=real double 2=Complex)','Sum along(0=the first non singleton dimension 1=Rows 2=Columns)  ',NULL,NULL,NULL,NULL,NULL,NULL,NULL,NULL,NULL,NULL,NULL,NULL,NULL,NULL,NULL,NULL,NULL,NULL,NULL,NULL,NULL,NULL,NULL,NULL,NULL,NULL,NULL,NULL,NULL,NULL,NULL,NULL,NULL,NULL,NULL,NULL,NULL,NULL),(77,'EXTRACT',1,0,1,0,0,0,'EXTRACT','1','0','1','0','0','0','EXTRACT','Datatype (1=real double 2=Complex)','Lines to extract','Columns to extract',NULL,NULL,NULL,NULL,NULL,NULL,NULL,NULL,NULL,NULL,NULL,NULL,NULL,NULL,NULL,NULL,NULL,NULL,NULL,NULL,NULL,NULL,NULL,NULL,NULL,NULL,NULL,NULL,NULL,NULL,NULL,NULL,NULL,NULL,NULL,NULL,NULL),(78,'EXTTRI',1,0,1,0,0,0,'Tri/Diag Extraction','1','0','1','0','0','0','Tri/Diag Extraction','Datatype (1=real double 2=Complex)','extraction type (1=lower 2=upper 3=diagonal)',NULL,NULL,NULL,NULL,NULL,NULL,NULL,NULL,NULL,NULL,NULL,NULL,NULL,NULL,NULL,NULL,NULL,NULL,NULL,NULL,NULL,NULL,NULL,NULL,NULL,NULL,NULL,NULL,NULL,NULL,NULL,NULL,NULL,NULL,NULL,NULL,NULL,NULL),(79,'MATBKSL',2,0,1,0,0,0,'AB','2','0','1','0','0','0','AB','Datatype (1=real double, 2=Complex)',NULL,NULL,NULL,NULL,NULL,NULL,NULL,NULL,NULL,NULL,NULL,NULL,NULL,NULL,NULL,NULL,NULL,NULL,NULL,NULL,NULL,NULL,NULL,NULL,NULL,NULL,NULL,NULL,NULL,NULL,NULL,NULL,NULL,NULL,NULL,NULL,NULL,NULL,NULL),(80,'MATCATH',2,0,1,0,0,0,'Horiz cat','n','0','1','0','0','0','Horiz Cat','number of inputs',NULL,NULL,NULL,NULL,NULL,NULL,NULL,NULL,NULL,NULL,NULL,NULL,NULL,NULL,NULL,NULL,NULL,NULL,NULL,NULL,NULL,NULL,NULL,NULL,NULL,NULL,NULL,NULL,NULL,NULL,NULL,NULL,NULL,NULL,NULL,NULL,NULL,NULL,NULL),(81,'MATCATV',2,0,1,0,0,0,'Vert Cat','n','0','1','0','0','0','Horiz Cat','number of inputs',NULL,NULL,NULL,NULL,NULL,NULL,NULL,NULL,NULL,NULL,NULL,NULL,NULL,NULL,NULL,NULL,NULL,NULL,NULL,NULL,NULL,NULL,NULL,NULL,NULL,NULL,NULL,NULL,NULL,NULL,NULL,NULL,NULL,NULL,NULL,NULL,NULL,NULL,NULL),(82,'MATDET',1,0,1,0,0,0,'DET','1','0','1','0','0','0','DET','Datatype (1=real double, 2=Complex)',NULL,NULL,NULL,NULL,NULL,NULL,NULL,NULL,NULL,NULL,NULL,NULL,NULL,NULL,NULL,NULL,NULL,NULL,NULL,NULL,NULL,NULL,NULL,NULL,NULL,NULL,NULL,NULL,NULL,NULL,NULL,NULL,NULL,NULL,NULL,NULL,NULL,NULL,NULL),(83,'MATDIAG',1,0,1,0,0,0,'DIAG','1','0','1','0','0','0','DIAG','Datatype (1=real double, 2=Complex)',NULL,NULL,NULL,NULL,NULL,NULL,NULL,NULL,NULL,NULL,NULL,NULL,NULL,NULL,NULL,NULL,NULL,NULL,NULL,NULL,NULL,NULL,NULL,NULL,NULL,NULL,NULL,NULL,NULL,NULL,NULL,NULL,NULL,NULL,NULL,NULL,NULL,NULL,NULL),(84,'MATDIV',2,0,1,0,0,0,'A/B','2','0','1','0','0','0','A/B','Datatype (1=real double, 2=Complex)',NULL,NULL,NULL,NULL,NULL,NULL,NULL,NULL,NULL,NULL,NULL,NULL,NULL,NULL,NULL,NULL,NULL,NULL,NULL,NULL,NULL,NULL,NULL,NULL,NULL,NULL,NULL,NULL,NULL,NULL,NULL,NULL,NULL,NULL,NULL,NULL,NULL,NULL,NULL),(85,'MATEIG',1,0,1,0,0,0,'EIG','1','0','1/2','0','0','0','EIG','Datatype (1=real double, 2=Complex)','decomposition type( 1=eig values, 2=eig values+eig vectors)',NULL,NULL,NULL,NULL,NULL,NULL,NULL,NULL,NULL,NULL,NULL,NULL,NULL,NULL,NULL,NULL,NULL,NULL,NULL,NULL,NULL,NULL,NULL,NULL,NULL,NULL,NULL,NULL,NULL,NULL,NULL,NULL,NULL,NULL,NULL,NULL,NULL,NULL),(86,'MATEXPM',1,0,1,0,0,0,'EXPM','1','0','1','0','0','0','EXPM','Datatype (1=real double, 2=Complex)',NULL,NULL,NULL,NULL,NULL,NULL,NULL,NULL,NULL,NULL,NULL,NULL,NULL,NULL,NULL,NULL,NULL,NULL,NULL,NULL,NULL,NULL,NULL,NULL,NULL,NULL,NULL,NULL,NULL,NULL,NULL,NULL,NULL,NULL,NULL,NULL,NULL,NULL,NULL),(87,'MATINV',1,0,1,0,0,0,'INV','1','0','1','0','0','0','INV','Datatype (1=real double, 2=Complex)',NULL,NULL,NULL,NULL,NULL,NULL,NULL,NULL,NULL,NULL,NULL,NULL,NULL,NULL,NULL,NULL,NULL,NULL,NULL,NULL,NULL,NULL,NULL,NULL,NULL,NULL,NULL,NULL,NULL,NULL,NULL,NULL,NULL,NULL,NULL,NULL,NULL,NULL,NULL),(88,'MATLU',1,0,2,0,0,0,'LU','1','0','2','0','0','0','LU','Datatype (1=real double, 2=Complex)',NULL,NULL,NULL,NULL,NULL,NULL,NULL,NULL,NULL,NULL,NULL,NULL,NULL,NULL,NULL,NULL,NULL,NULL,NULL,NULL,NULL,NULL,NULL,NULL,NULL,NULL,NULL,NULL,NULL,NULL,NULL,NULL,NULL,NULL,NULL,NULL,NULL,NULL,NULL),(89,'MATMAGPHI',1,0,2,0,0,0,'Mag & Phi','1/2','0','1/2','0','0','0','Mag & Phi','decomposition type (1=Complex2MAG&PHI 2=MAG&PHI2Complex)',NULL,NULL,NULL,NULL,NULL,NULL,NULL,NULL,NULL,NULL,NULL,NULL,NULL,NULL,NULL,NULL,NULL,NULL,NULL,NULL,NULL,NULL,NULL,NULL,NULL,NULL,NULL,NULL,NULL,NULL,NULL,NULL,NULL,NULL,NULL,NULL,NULL,NULL,NULL),(90,'MATMUL',2,0,1,0,0,0,'MATMUL','2','0','1','0','0','0','MATMUL','Datatype (1=real double, 2=Complex, 3=int32)','Multiplication rule','Do on overflow(0=Nothing, 1=Saturate, 2=Error)',NULL,NULL,NULL,NULL,NULL,NULL,NULL,NULL,NULL,NULL,NULL,NULL,NULL,NULL,NULL,NULL,NULL,NULL,NULL,NULL,NULL,NULL,NULL,NULL,NULL,NULL,NULL,NULL,NULL,NULL,NULL,NULL,NULL,NULL,NULL,NULL,NULL),(91,'MATPINV',1,0,1,0,0,0,'PINV','1','0','1','0','0','0','PINV','Datatype (1=real double, 2=Complex)',NULL,NULL,NULL,NULL,NULL,NULL,NULL,NULL,NULL,NULL,NULL,NULL,NULL,NULL,NULL,NULL,NULL,NULL,NULL,NULL,NULL,NULL,NULL,NULL,NULL,NULL,NULL,NULL,NULL,NULL,NULL,NULL,NULL,NULL,NULL,NULL,NULL,NULL,NULL),(92,'MATRESH',1,0,1,0,0,0,'RESHAPE','1','0','1','0','0','0','RESHAPE','Datatype (1=real double, 2=Complex)','Input size','output size desired',NULL,NULL,NULL,NULL,NULL,NULL,NULL,NULL,NULL,NULL,NULL,NULL,NULL,NULL,NULL,NULL,NULL,NULL,NULL,NULL,NULL,NULL,NULL,NULL,NULL,NULL,NULL,NULL,NULL,NULL,NULL,NULL,NULL,NULL,NULL,NULL,NULL),(93,'MATSING',1,0,1,0,0,0,'SVD','1','0','1/3','0','0','0','SVD','Datatype (1=real double, 2=Complex)','decomposition type (1=singular values, 2=sing values+matrix U&V)',NULL,NULL,NULL,NULL,NULL,NULL,NULL,NULL,NULL,NULL,NULL,NULL,NULL,NULL,NULL,NULL,NULL,NULL,NULL,NULL,NULL,NULL,NULL,NULL,NULL,NULL,NULL,NULL,NULL,NULL,NULL,NULL,NULL,NULL,NULL,NULL,NULL,NULL),(94,'MATSUM',1,0,1,0,0,0,'MATSUM','1','0','1','0','0','0','MATSUM','Datatype (1=real double, 2=Complex)','Sum along (0=all, 1=lines, 2=Columns)',NULL,NULL,NULL,NULL,NULL,NULL,NULL,NULL,NULL,NULL,NULL,NULL,NULL,NULL,NULL,NULL,NULL,NULL,NULL,NULL,NULL,NULL,NULL,NULL,NULL,NULL,NULL,NULL,NULL,NULL,NULL,NULL,NULL,NULL,NULL,NULL,NULL,NULL),(95,'MATTRAN',1,0,1,0,0,0,'MATTRAN','1','0','1','0','0','0','MATTRAN','Datatype (1=real double, 2=Complex)','rule( 1=, 2=\'',NULL,NULL,NULL,NULL,NULL,NULL,NULL,NULL,NULL,NULL,NULL,NULL,NULL,NULL,NULL,NULL,NULL,NULL,NULL,NULL,NULL,NULL,NULL,NULL,NULL,NULL,NULL,NULL,NULL,NULL,NULL,NULL,NULL,NULL,NULL,NULL,NULL,NULL),(96,'MATZCONJ',1,0,1,0,0,0,'CONJ','','0','','0','','','',NULL,NULL,NULL,NULL,NULL,NULL,NULL,NULL,NULL,NULL,NULL,NULL,NULL,NULL,NULL,NULL,NULL,NULL,NULL,NULL,NULL,NULL,NULL,NULL,NULL,NULL,NULL,NULL,NULL,NULL,NULL,NULL,NULL,NULL,NULL,NULL,NULL,NULL,NULL,NULL),(97,'MATZREIM',1,0,2,0,0,0,'Re & Im','1/2','0','1/2','0','0','0','Re & Im','decomposition type (1=Complex2Real&Imag 2=Real&Imag2Complex)',NULL,NULL,NULL,NULL,NULL,NULL,NULL,NULL,NULL,NULL,NULL,NULL,NULL,NULL,NULL,NULL,NULL,NULL,NULL,NULL,NULL,NULL,NULL,NULL,NULL,NULL,NULL,NULL,NULL,NULL,NULL,NULL,NULL,NULL,NULL,NULL,NULL,NULL,NULL),(98,'RICC',3,0,1,0,0,0,'RICC','3','0','1','0','0','0','RICC','Type (1=Cont, 2=Disc)','Model ( 1=Schr, 2=sign(cont) inv(disc))',NULL,NULL,NULL,NULL,NULL,NULL,NULL,NULL,NULL,NULL,NULL,NULL,NULL,NULL,NULL,NULL,NULL,NULL,NULL,NULL,NULL,NULL,NULL,NULL,NULL,NULL,NULL,NULL,NULL,NULL,NULL,NULL,NULL,NULL,NULL,NULL,NULL,NULL),(99,'ROOTCOEF',1,0,1,0,0,0,'ROOT COEF','1','0','1','0','0','0','ROOT COEF','Datatype (1=real double, 2=Complex)','Input row size',NULL,NULL,NULL,NULL,NULL,NULL,NULL,NULL,NULL,NULL,NULL,NULL,NULL,NULL,NULL,NULL,NULL,NULL,NULL,NULL,NULL,NULL,NULL,NULL,NULL,NULL,NULL,NULL,NULL,NULL,NULL,NULL,NULL,NULL,NULL,NULL,NULL,NULL),(100,'SQRT',1,0,1,0,0,0,'SQRT','1','0','1','0','0','0','SQRT','Datatype (1=real double, 2=Complex)',NULL,NULL,NULL,NULL,NULL,NULL,NULL,NULL,NULL,NULL,NULL,NULL,NULL,NULL,NULL,NULL,NULL,NULL,NULL,NULL,NULL,NULL,NULL,NULL,NULL,NULL,NULL,NULL,NULL,NULL,NULL,NULL,NULL,NULL,NULL,NULL,NULL,NULL,NULL),(101,'SUBMAT',1,0,1,0,0,0,'SUBMAT','1','0','1','0','0','0','SUBMAT','Datatype (1=real double, 2=Complex)','Starting row index','Ending row index','Starting column index','Ending column index','Input Dimensions',NULL,NULL,NULL,NULL,NULL,NULL,NULL,NULL,NULL,NULL,NULL,NULL,NULL,NULL,NULL,NULL,NULL,NULL,NULL,NULL,NULL,NULL,NULL,NULL,NULL,NULL,NULL,NULL,NULL,NULL,NULL,NULL,NULL,NULL),(102,'Capacitor',0,1,0,1,0,0,'','1','1','1','1','0','0','','C(F)','Initial Voltage',NULL,NULL,NULL,NULL,NULL,NULL,NULL,NULL,NULL,NULL,NULL,NULL,NULL,NULL,NULL,NULL,NULL,NULL,NULL,NULL,NULL,NULL,NULL,NULL,NULL,NULL,NULL,NULL,NULL,NULL,NULL,NULL,NULL,NULL,NULL,NULL,NULL,NULL),(103,'CCS',1,1,0,1,0,0,'','','1','','1','','','',NULL,NULL,NULL,NULL,NULL,NULL,NULL,NULL,NULL,NULL,NULL,NULL,NULL,NULL,NULL,NULL,NULL,NULL,NULL,NULL,NULL,NULL,NULL,NULL,NULL,NULL,NULL,NULL,NULL,NULL,NULL,NULL,NULL,NULL,NULL,NULL,NULL,NULL,NULL,NULL),(104,'ConstantVoltage',0,1,0,1,0,0,'','1','1','1','1','0','0','','V(volt)',NULL,NULL,NULL,NULL,NULL,NULL,NULL,NULL,NULL,NULL,NULL,NULL,NULL,NULL,NULL,NULL,NULL,NULL,NULL,NULL,NULL,NULL,NULL,NULL,NULL,NULL,NULL,NULL,NULL,NULL,NULL,NULL,NULL,NULL,NULL,NULL,NULL,NULL,NULL),(105,'CurrentSensor',0,1,1,1,0,0,'','','1','','1','','','',NULL,NULL,NULL,NULL,NULL,NULL,NULL,NULL,NULL,NULL,NULL,NULL,NULL,NULL,NULL,NULL,NULL,NULL,NULL,NULL,NULL,NULL,NULL,NULL,NULL,NULL,NULL,NULL,NULL,NULL,NULL,NULL,NULL,NULL,NULL,NULL,NULL,NULL,NULL,NULL),(106,'CVS',1,1,0,1,0,0,'','','1','','1','','','',NULL,NULL,NULL,NULL,NULL,NULL,NULL,NULL,NULL,NULL,NULL,NULL,NULL,NULL,NULL,NULL,NULL,NULL,NULL,NULL,NULL,NULL,NULL,NULL,NULL,NULL,NULL,NULL,NULL,NULL,NULL,NULL,NULL,NULL,NULL,NULL,NULL,NULL,NULL,NULL),(107,'Diode',0,1,0,1,0,0,'','1','1','1','1','0','0','','Saturation current (A)','Voltage equivalent to temperature (Volt)','Max exponent for linear continuation','R (ohm)',NULL,NULL,NULL,NULL,NULL,NULL,NULL,NULL,NULL,NULL,NULL,NULL,NULL,NULL,NULL,NULL,NULL,NULL,NULL,NULL,NULL,NULL,NULL,NULL,NULL,NULL,NULL,NULL,NULL,NULL,NULL,NULL,NULL,NULL,NULL,NULL),(108,'Ground',0,1,0,0,0,0,'','','1','','0','','','',NULL,NULL,NULL,NULL,NULL,NULL,NULL,NULL,NULL,NULL,NULL,NULL,NULL,NULL,NULL,NULL,NULL,NULL,NULL,NULL,NULL,NULL,NULL,NULL,NULL,NULL,NULL,NULL,NULL,NULL,NULL,NULL,NULL,NULL,NULL,NULL,NULL,NULL,NULL,NULL),(109,'Gyrator',0,2,0,2,0,0,'','2','2','2','2','0','0','','G1','G2',NULL,NULL,NULL,NULL,NULL,NULL,NULL,NULL,NULL,NULL,NULL,NULL,NULL,NULL,NULL,NULL,NULL,NULL,NULL,NULL,NULL,NULL,NULL,NULL,NULL,NULL,NULL,NULL,NULL,NULL,NULL,NULL,NULL,NULL,NULL,NULL,NULL,NULL),(110,'IdealTransformer',0,2,0,2,0,0,'','2','2','2','2','0','0','','N',NULL,NULL,NULL,NULL,NULL,NULL,NULL,NULL,NULL,NULL,NULL,NULL,NULL,NULL,NULL,NULL,NULL,NULL,NULL,NULL,NULL,NULL,NULL,NULL,NULL,NULL,NULL,NULL,NULL,NULL,NULL,NULL,NULL,NULL,NULL,NULL,NULL,NULL,NULL),(111,'Inductor',0,1,0,1,0,0,'','','1','','1','','','',NULL,NULL,NULL,NULL,NULL,NULL,NULL,NULL,NULL,NULL,NULL,NULL,NULL,NULL,NULL,NULL,NULL,NULL,NULL,NULL,NULL,NULL,NULL,NULL,NULL,NULL,NULL,NULL,NULL,NULL,NULL,NULL,NULL,NULL,NULL,NULL,NULL,NULL,NULL,NULL),(112,'NMOS',0,1,0,3,0,0,'','1','1','3','3','0','0','','Width [m]','Length [m]','Transconductance parameter [A/(V*V)]','Zero bias threshold voltage [V]','Bulk threshold parameter','Reduction of pinch-off region','Narrowing of channel [m]','Shortening of channel [m]','Drain-Source-Resistance [Ohm]',NULL,NULL,NULL,NULL,NULL,NULL,NULL,NULL,NULL,NULL,NULL,NULL,NULL,NULL,NULL,NULL,NULL,NULL,NULL,NULL,NULL,NULL,NULL,NULL,NULL,NULL,NULL,NULL,NULL,NULL,NULL),(113,'NPN',0,1,0,2,0,0,'','1','1','2','2','0','0','','Bf : Forward beta','Br : Reverse beta','ls : Transport saturation current','Vak : Early voltage (inverse), 1/Volt','Tauf : Ideal forward transit time','Taur : Ideal reverse transit time','Ccs : Collector-substrat (ground) cap.','Cje : Base-emitter zero bias depletion cap.','Cjc : Base coll. zero bias depletion cap.','Phie : Base-emitter diffusion voltage','Me : Base emmiter gradation exponent','Phic : Base collector diffusion voltage','Mc : Base-collector gradation exponent','Gbc : Base collector conductance','Gbe : Base emitter conductance','Vt : Voltage equivalent of temperature','EminMax : If x> EminMax, the exp(x) function is linearized',NULL,NULL,NULL,NULL,NULL,NULL,NULL,NULL,NULL,NULL,NULL,NULL,NULL,NULL,NULL,NULL,NULL,NULL,NULL,NULL,NULL,NULL,NULL),(114,'OpAmp',0,2,0,1,0,0,'','','2','','1','','','',NULL,NULL,NULL,NULL,NULL,NULL,NULL,NULL,NULL,NULL,NULL,NULL,NULL,NULL,NULL,NULL,NULL,NULL,NULL,NULL,NULL,NULL,NULL,NULL,NULL,NULL,NULL,NULL,NULL,NULL,NULL,NULL,NULL,NULL,NULL,NULL,NULL,NULL,NULL,NULL),(115,'PMOS',0,1,0,3,0,0,'','1','1','3','3','0','0','','Width[m]','Length [m]','Transconductance parameter [ A/(V*V) ]','Zero bias threshold voltage [V]','Bulk threshold parameter','Reduction of pinch-off region','Narrowing of channel','Shortening of channel','Drain source resistance(ohm)',NULL,NULL,NULL,NULL,NULL,NULL,NULL,NULL,NULL,NULL,NULL,NULL,NULL,NULL,NULL,NULL,NULL,NULL,NULL,NULL,NULL,NULL,NULL,NULL,NULL,NULL,NULL,NULL,NULL,NULL,NULL),(116,'PNP',0,1,0,2,0,0,'','1','1','2','2','0','0','','Bf : Forward beta','Br ; Reverse beta','Is : Transport saturation current','Vak : Early Voltage(inverse)','Tauf : Ideal forward transit time','Taur : Ideal reverse transit time','Ccs : Collector substract cap','Cje : Base emitter zero bias depletion cap','Cjc : Base-coll zero bias depletion cap','Phie : Base-emitter diffusion voltage','Me : Base emmiter gradation exponent','Phic : Base collector diffusion voltage','Mc : Base-collector gradation exponent','Gbc : Base collector conductance','Gbe : Base emitter conductance','Vt : Voltage equivalent of temperature','EminMax : If x> EminMax, the exp(x) function is linearized',NULL,NULL,NULL,NULL,NULL,NULL,NULL,NULL,NULL,NULL,NULL,NULL,NULL,NULL,NULL,NULL,NULL,NULL,NULL,NULL,NULL,NULL,NULL),(117,'PotentialSensor',0,1,1,0,0,0,'','','1','','0','','','',NULL,NULL,NULL,NULL,NULL,NULL,NULL,NULL,NULL,NULL,NULL,NULL,NULL,NULL,NULL,NULL,NULL,NULL,NULL,NULL,NULL,NULL,NULL,NULL,NULL,NULL,NULL,NULL,NULL,NULL,NULL,NULL,NULL,NULL,NULL,NULL,NULL,NULL,NULL,NULL),(118,'Resistor',0,1,0,1,0,0,'','1','1','1','1','0','0','','R (ohm)',NULL,NULL,NULL,NULL,NULL,NULL,NULL,NULL,NULL,NULL,NULL,NULL,NULL,NULL,NULL,NULL,NULL,NULL,NULL,NULL,NULL,NULL,NULL,NULL,NULL,NULL,NULL,NULL,NULL,NULL,NULL,NULL,NULL,NULL,NULL,NULL,NULL,NULL,NULL),(119,'SineVoltage',0,1,0,1,0,0,'1 V','1','1','1','1','0','0','n V','Amplitude (Volt)','phase (rad)','Frequency (Hz)','Voltageoffset(V)','Time offset (s)',NULL,NULL,NULL,NULL,NULL,NULL,NULL,NULL,NULL,NULL,NULL,NULL,NULL,NULL,NULL,NULL,NULL,NULL,NULL,NULL,NULL,NULL,NULL,NULL,NULL,NULL,NULL,NULL,NULL,NULL,NULL,NULL,NULL,NULL,NULL),(120,'Switch',1,1,0,1,0,0,'','2','1','1','1','0','0','','Resistance in On state (Ohm)','Resistance in Off state (Ohm)',NULL,NULL,NULL,NULL,NULL,NULL,NULL,NULL,NULL,NULL,NULL,NULL,NULL,NULL,NULL,NULL,NULL,NULL,NULL,NULL,NULL,NULL,NULL,NULL,NULL,NULL,NULL,NULL,NULL,NULL,NULL,NULL,NULL,NULL,NULL,NULL,NULL,NULL),(121,'VariableResistor',1,1,0,1,0,0,'','','1','','1','','','',NULL,NULL,NULL,NULL,NULL,NULL,NULL,NULL,NULL,NULL,NULL,NULL,NULL,NULL,NULL,NULL,NULL,NULL,NULL,NULL,NULL,NULL,NULL,NULL,NULL,NULL,NULL,NULL,NULL,NULL,NULL,NULL,NULL,NULL,NULL,NULL,NULL,NULL,NULL,NULL),(122,'VoltageSensor',0,1,1,1,0,0,'','','1','','1','','','',NULL,NULL,NULL,NULL,NULL,NULL,NULL,NULL,NULL,NULL,NULL,NULL,NULL,NULL,NULL,NULL,NULL,NULL,NULL,NULL,NULL,NULL,NULL,NULL,NULL,NULL,NULL,NULL,NULL,NULL,NULL,NULL,NULL,NULL,NULL,NULL,NULL,NULL,NULL,NULL),(123,'VsourceAC',0,1,0,1,0,0,'220 V ~50','1','1','1','1','0','0','n V ~ n','Amplitude (Volt)','Frequency (Hz)',NULL,NULL,NULL,NULL,NULL,NULL,NULL,NULL,NULL,NULL,NULL,NULL,NULL,NULL,NULL,NULL,NULL,NULL,NULL,NULL,NULL,NULL,NULL,NULL,NULL,NULL,NULL,NULL,NULL,NULL,NULL,NULL,NULL,NULL,NULL,NULL,NULL,NULL),(124,'VVsourceAC',1,1,0,1,0,0,'1 V ~ 20','2','1','1','1','0','0','1 V ~ n','Frequency (Hz)',NULL,NULL,NULL,NULL,NULL,NULL,NULL,NULL,NULL,NULL,NULL,NULL,NULL,NULL,NULL,NULL,NULL,NULL,NULL,NULL,NULL,NULL,NULL,NULL,NULL,NULL,NULL,NULL,NULL,NULL,NULL,NULL,NULL,NULL,NULL,NULL,NULL,NULL,NULL),(125,'BITCLEAR',1,0,1,0,0,0,'Clear bit 0','1','0','1','0','0','0','Clear bit 0','Data type (3:int32, 4:int16, 5:int8,..)','Index of Bit( 0is least significant)',NULL,NULL,NULL,NULL,NULL,NULL,NULL,NULL,NULL,NULL,NULL,NULL,NULL,NULL,NULL,NULL,NULL,NULL,NULL,NULL,NULL,NULL,NULL,NULL,NULL,NULL,NULL,NULL,NULL,NULL,NULL,NULL,NULL,NULL,NULL,NULL,NULL,NULL),(126,'BITSET',1,0,1,0,0,0,'Set bit 0','1','0','1','0','0','0','Set bit 0','Data type (3:int32, 4:int16, 5:int8,..)','Index of Bit( 0is least significant)',NULL,NULL,NULL,NULL,NULL,NULL,NULL,NULL,NULL,NULL,NULL,NULL,NULL,NULL,NULL,NULL,NULL,NULL,NULL,NULL,NULL,NULL,NULL,NULL,NULL,NULL,NULL,NULL,NULL,NULL,NULL,NULL,NULL,NULL,NULL,NULL,NULL,NULL),(127,'CONVERT',1,0,1,0,0,0,'Convert to','1','0','1','0','0','0','Convert to','Input type (1:double, 3:int32, 4:int16, 5:int8,..)','Output type  (1:double, 3:int32, 4:int16, 5:int8,..)','Do on overflow( 0:Nothing, 1:Saturate, 2:Error)',NULL,NULL,NULL,NULL,NULL,NULL,NULL,NULL,NULL,NULL,NULL,NULL,NULL,NULL,NULL,NULL,NULL,NULL,NULL,NULL,NULL,NULL,NULL,NULL,NULL,NULL,NULL,NULL,NULL,NULL,NULL,NULL,NULL,NULL,NULL,NULL,NULL),(128,'DFLIPFLOP',3,0,2,0,0,0,'','','0','','0','','','',NULL,NULL,NULL,NULL,NULL,NULL,NULL,NULL,NULL,NULL,NULL,NULL,NULL,NULL,NULL,NULL,NULL,NULL,NULL,NULL,NULL,NULL,NULL,NULL,NULL,NULL,NULL,NULL,NULL,NULL,NULL,NULL,NULL,NULL,NULL,NULL,NULL,NULL,NULL,NULL),(129,'DLATCH',2,0,2,0,0,0,'','','0','','0','','','',NULL,NULL,NULL,NULL,NULL,NULL,NULL,NULL,NULL,NULL,NULL,NULL,NULL,NULL,NULL,NULL,NULL,NULL,NULL,NULL,NULL,NULL,NULL,NULL,NULL,NULL,NULL,NULL,NULL,NULL,NULL,NULL,NULL,NULL,NULL,NULL,NULL,NULL,NULL,NULL),(130,'EXTRACTBITS',1,0,1,0,0,0,'Extract Bits 1','1','0','1','0','0','0','Extract Bits n','Data Type (3:int32, 4:int16, 5:int8, ...)','Bits to extract','Number of Bits or Index of Bit','Treat Bit Field as an Integer (0:No, 1:Yes)',NULL,NULL,NULL,NULL,NULL,NULL,NULL,NULL,NULL,NULL,NULL,NULL,NULL,NULL,NULL,NULL,NULL,NULL,NULL,NULL,NULL,NULL,NULL,NULL,NULL,NULL,NULL,NULL,NULL,NULL,NULL,NULL,NULL,NULL,NULL,NULL),(131,'INTMUL',2,0,1,0,0,0,'INTMUL','2','0','1','0','0','0','INTMUL','Data Type (3:int32, 4:int16, 5:int8,..)','Do on Overflow (0:Nothing, 1:Saturate, 2:Error)',NULL,NULL,NULL,NULL,NULL,NULL,NULL,NULL,NULL,NULL,NULL,NULL,NULL,NULL,NULL,NULL,NULL,NULL,NULL,NULL,NULL,NULL,NULL,NULL,NULL,NULL,NULL,NULL,NULL,NULL,NULL,NULL,NULL,NULL,NULL,NULL,NULL,NULL),(132,'JKFLIPFLOP',3,0,2,0,0,0,'','3','0','2','0','0','0','','Initial Value',NULL,NULL,NULL,NULL,NULL,NULL,NULL,NULL,NULL,NULL,NULL,NULL,NULL,NULL,NULL,NULL,NULL,NULL,NULL,NULL,NULL,NULL,NULL,NULL,NULL,NULL,NULL,NULL,NULL,NULL,NULL,NULL,NULL,NULL,NULL,NULL,NULL,NULL,NULL),(133,'LOGIC',2,0,1,0,1,0,'LOGIC','2','0','1','0','0/1','0','LOGIC','Truth Table (matrix of outputs)','Accepts Inherited Events (0:No, 1:Yes)',NULL,NULL,NULL,NULL,NULL,NULL,NULL,NULL,NULL,NULL,NULL,NULL,NULL,NULL,NULL,NULL,NULL,NULL,NULL,NULL,NULL,NULL,NULL,NULL,NULL,NULL,NULL,NULL,NULL,NULL,NULL,NULL,NULL,NULL,NULL,NULL,NULL,NULL),(134,'SHIFT',1,0,1,0,0,0,'Arithmetic shift 0','1','0','1','0','0','0','Arithmetic shift n','Data Type (3:int32, 4:int16, 5:int8,...)','Number of Bits to Shift Left (Negative number to shift right)','Shift Type (0: Arithmetic, 1: Circular)',NULL,NULL,NULL,NULL,NULL,NULL,NULL,NULL,NULL,NULL,NULL,NULL,NULL,NULL,NULL,NULL,NULL,NULL,NULL,NULL,NULL,NULL,NULL,NULL,NULL,NULL,NULL,NULL,NULL,NULL,NULL,NULL,NULL,NULL,NULL,NULL,NULL),(135,'SRFLIPFLOP',2,0,2,0,0,0,'S   Q, R   !Q','2','0','2','0','0','0','S   Q, R   !Q','Initial Value',NULL,NULL,NULL,NULL,NULL,NULL,NULL,NULL,NULL,NULL,NULL,NULL,NULL,NULL,NULL,NULL,NULL,NULL,NULL,NULL,NULL,NULL,NULL,NULL,NULL,NULL,NULL,NULL,NULL,NULL,NULL,NULL,NULL,NULL,NULL,NULL,NULL,NULL,NULL),(136,'GENERAL_f',1,0,0,0,0,1,'GENERAL','1','0','0','0','0','n','GENERAL','Input size','Number of event output',NULL,NULL,NULL,NULL,NULL,NULL,NULL,NULL,NULL,NULL,NULL,NULL,NULL,NULL,NULL,NULL,NULL,NULL,NULL,NULL,NULL,NULL,NULL,NULL,NULL,NULL,NULL,NULL,NULL,NULL,NULL,NULL,NULL,NULL,NULL,NULL,NULL,NULL),(137,'NEGTOPOS_f',1,0,0,0,0,1,'- to +','','0','','0','','','',NULL,NULL,NULL,NULL,NULL,NULL,NULL,NULL,NULL,NULL,NULL,NULL,NULL,NULL,NULL,NULL,NULL,NULL,NULL,NULL,NULL,NULL,NULL,NULL,NULL,NULL,NULL,NULL,NULL,NULL,NULL,NULL,NULL,NULL,NULL,NULL,NULL,NULL,NULL,NULL),(138,'POSTONEG_f',1,0,0,0,0,1,'+ to -','','0','','0','','','',NULL,NULL,NULL,NULL,NULL,NULL,NULL,NULL,NULL,NULL,NULL,NULL,NULL,NULL,NULL,NULL,NULL,NULL,NULL,NULL,NULL,NULL,NULL,NULL,NULL,NULL,NULL,NULL,NULL,NULL,NULL,NULL,NULL,NULL,NULL,NULL,NULL,NULL,NULL,NULL),(139,'ZCROSS_f',1,0,0,0,0,1,'Zcross','1','0','0','0','0','1','Zcross','Input size',NULL,NULL,NULL,NULL,NULL,NULL,NULL,NULL,NULL,NULL,NULL,NULL,NULL,NULL,NULL,NULL,NULL,NULL,NULL,NULL,NULL,NULL,NULL,NULL,NULL,NULL,NULL,NULL,NULL,NULL,NULL,NULL,NULL,NULL,NULL,NULL,NULL,NULL,NULL),(140,'CLKFROM',0,0,0,0,0,1,'A','0','0','0','0','0','1','n','Tag',NULL,NULL,NULL,NULL,NULL,NULL,NULL,NULL,NULL,NULL,NULL,NULL,NULL,NULL,NULL,NULL,NULL,NULL,NULL,NULL,NULL,NULL,NULL,NULL,NULL,NULL,NULL,NULL,NULL,NULL,NULL,NULL,NULL,NULL,NULL,NULL,NULL,NULL,NULL),(141,'CLKGOTO',0,0,0,0,1,0,'A','0','0','0','0','1','0','n','Tag','Tag Visibility(1=Local, 2=Scoped, 3=Global)',NULL,NULL,NULL,NULL,NULL,NULL,NULL,NULL,NULL,NULL,NULL,NULL,NULL,NULL,NULL,NULL,NULL,NULL,NULL,NULL,NULL,NULL,NULL,NULL,NULL,NULL,NULL,NULL,NULL,NULL,NULL,NULL,NULL,NULL,NULL,NULL,NULL,NULL),(142,'DEMUX',1,0,2,0,0,0,'','1','0','n','0','0','0','','number of output ports or vector of sizes',NULL,NULL,NULL,NULL,NULL,NULL,NULL,NULL,NULL,NULL,NULL,NULL,NULL,NULL,NULL,NULL,NULL,NULL,NULL,NULL,NULL,NULL,NULL,NULL,NULL,NULL,NULL,NULL,NULL,NULL,NULL,NULL,NULL,NULL,NULL,NULL,NULL,NULL,NULL),(143,'DEMUX_f',1,0,2,0,0,0,'','1','0','n','0','0','0','','number of output ports or vector of sizes',NULL,NULL,NULL,NULL,NULL,NULL,NULL,NULL,NULL,NULL,NULL,NULL,NULL,NULL,NULL,NULL,NULL,NULL,NULL,NULL,NULL,NULL,NULL,NULL,NULL,NULL,NULL,NULL,NULL,NULL,NULL,NULL,NULL,NULL,NULL,NULL,NULL,NULL,NULL),(144,'EXTRACTOR',1,0,1,0,0,0,'Extractor','1','0','1','0','0','0','Extractor','indices to extract',NULL,NULL,NULL,NULL,NULL,NULL,NULL,NULL,NULL,NULL,NULL,NULL,NULL,NULL,NULL,NULL,NULL,NULL,NULL,NULL,NULL,NULL,NULL,NULL,NULL,NULL,NULL,NULL,NULL,NULL,NULL,NULL,NULL,NULL,NULL,NULL,NULL,NULL,NULL),(145,'FROM',0,0,1,0,0,0,'A','0','0','1','0','0','0','','Tag',NULL,NULL,NULL,NULL,NULL,NULL,NULL,NULL,NULL,NULL,NULL,NULL,NULL,NULL,NULL,NULL,NULL,NULL,NULL,NULL,NULL,NULL,NULL,NULL,NULL,NULL,NULL,NULL,NULL,NULL,NULL,NULL,NULL,NULL,NULL,NULL,NULL,NULL,NULL),(146,'FROMMO',0,0,0,1,0,0,'A','0','0','1','1','0','0','','Tag',NULL,NULL,NULL,NULL,NULL,NULL,NULL,NULL,NULL,NULL,NULL,NULL,NULL,NULL,NULL,NULL,NULL,NULL,NULL,NULL,NULL,NULL,NULL,NULL,NULL,NULL,NULL,NULL,NULL,NULL,NULL,NULL,NULL,NULL,NULL,NULL,NULL,NULL,NULL),(147,'GOTO',1,0,0,0,0,0,'A','1','0','0','0','0','0','','Tag','Tag Visibility (1=Local 2=scoped 3=global)',NULL,NULL,NULL,NULL,NULL,NULL,NULL,NULL,NULL,NULL,NULL,NULL,NULL,NULL,NULL,NULL,NULL,NULL,NULL,NULL,NULL,NULL,NULL,NULL,NULL,NULL,NULL,NULL,NULL,NULL,NULL,NULL,NULL,NULL,NULL,NULL,NULL,NULL),(148,'GOTOMO',0,1,0,0,0,0,'A','1','1','0','0','0','0','','Tag','Tag Visibility (1=Local 2=scoped 3=global)',NULL,NULL,NULL,NULL,NULL,NULL,NULL,NULL,NULL,NULL,NULL,NULL,NULL,NULL,NULL,NULL,NULL,NULL,NULL,NULL,NULL,NULL,NULL,NULL,NULL,NULL,NULL,NULL,NULL,NULL,NULL,NULL,NULL,NULL,NULL,NULL,NULL,NULL),(149,'GotoTagVisibility',0,0,0,0,0,0,'A','0','0','0','0','0','0','','GotoTag',NULL,NULL,NULL,NULL,NULL,NULL,NULL,NULL,NULL,NULL,NULL,NULL,NULL,NULL,NULL,NULL,NULL,NULL,NULL,NULL,NULL,NULL,NULL,NULL,NULL,NULL,NULL,NULL,NULL,NULL,NULL,NULL,NULL,NULL,NULL,NULL,NULL,NULL,NULL),(150,'GotoTagVisibilityMO',0,0,0,0,0,0,'A','0','0','0','0','0','0','','GotoTag',NULL,NULL,NULL,NULL,NULL,NULL,NULL,NULL,NULL,NULL,NULL,NULL,NULL,NULL,NULL,NULL,NULL,NULL,NULL,NULL,NULL,NULL,NULL,NULL,NULL,NULL,NULL,NULL,NULL,NULL,NULL,NULL,NULL,NULL,NULL,NULL,NULL,NULL,NULL),(151,'ISELECT_m',1,0,2,0,2,0,'Selector','1','0','2/n','0','2/n','0','Selector','Datatype (1=real double 2=Complex 3=int32...)','number of outputs','initial connected output',NULL,NULL,NULL,NULL,NULL,NULL,NULL,NULL,NULL,NULL,NULL,NULL,NULL,NULL,NULL,NULL,NULL,NULL,NULL,NULL,NULL,NULL,NULL,NULL,NULL,NULL,NULL,NULL,NULL,NULL,NULL,NULL,NULL,NULL,NULL,NULL,NULL),(152,'M_SWITCH',3,0,1,0,0,0,'','n+1','0','1','0','0','0','','number of inputs','zero base indexing (0), otherwise 1','rounding rule : int(0),round (1), ceil (2), floor (3)  ',NULL,NULL,NULL,NULL,NULL,NULL,NULL,NULL,NULL,NULL,NULL,NULL,NULL,NULL,NULL,NULL,NULL,NULL,NULL,NULL,NULL,NULL,NULL,NULL,NULL,NULL,NULL,NULL,NULL,NULL,NULL,NULL,NULL,NULL,NULL,NULL,NULL),(153,'MUX',2,0,1,0,0,0,'','2-31','0','1','0','0','0','','number of input ports or vector of sizes',NULL,NULL,NULL,NULL,NULL,NULL,NULL,NULL,NULL,NULL,NULL,NULL,NULL,NULL,NULL,NULL,NULL,NULL,NULL,NULL,NULL,NULL,NULL,NULL,NULL,NULL,NULL,NULL,NULL,NULL,NULL,NULL,NULL,NULL,NULL,NULL,NULL,NULL,NULL),(154,'MUX_f',2,0,1,0,0,0,'','2-8','0','1','0','0','0','','number of input ports or vector of sizes',NULL,NULL,NULL,NULL,NULL,NULL,NULL,NULL,NULL,NULL,NULL,NULL,NULL,NULL,NULL,NULL,NULL,NULL,NULL,NULL,NULL,NULL,NULL,NULL,NULL,NULL,NULL,NULL,NULL,NULL,NULL,NULL,NULL,NULL,NULL,NULL,NULL,NULL,NULL),(155,'NRMSOM_f',2,0,1,0,0,0,'','0/n','0','1','0','0','0','','number of inputs',NULL,NULL,NULL,NULL,NULL,NULL,NULL,NULL,NULL,NULL,NULL,NULL,NULL,NULL,NULL,NULL,NULL,NULL,NULL,NULL,NULL,NULL,NULL,NULL,NULL,NULL,NULL,NULL,NULL,NULL,NULL,NULL,NULL,NULL,NULL,NULL,NULL,NULL,NULL),(156,'RELAY_f',2,0,1,0,2,0,'Relay','2-n','0','1','0','2-n','0','Relay','number of inputs','initial connected input',NULL,NULL,NULL,NULL,NULL,NULL,NULL,NULL,NULL,NULL,NULL,NULL,NULL,NULL,NULL,NULL,NULL,NULL,NULL,NULL,NULL,NULL,NULL,NULL,NULL,NULL,NULL,NULL,NULL,NULL,NULL,NULL,NULL,NULL,NULL,NULL,NULL,NULL),(157,'SCALAR2VECTOR',1,0,1,0,0,0,'SCALAR to VECTOR','1','0','1','0','0','0','SCALAR to VECTOR','size of output (-1: if don\'t know)',NULL,NULL,NULL,NULL,NULL,NULL,NULL,NULL,NULL,NULL,NULL,NULL,NULL,NULL,NULL,NULL,NULL,NULL,NULL,NULL,NULL,NULL,NULL,NULL,NULL,NULL,NULL,NULL,NULL,NULL,NULL,NULL,NULL,NULL,NULL,NULL,NULL,NULL,NULL),(158,'SELECT_m',2,0,1,0,2,0,'Selector','n','0','1','0','n','0','Selector','Datatype (1=real double 2=Complex 3=int32..)','number of inputs','initial connected input',NULL,NULL,NULL,NULL,NULL,NULL,NULL,NULL,NULL,NULL,NULL,NULL,NULL,NULL,NULL,NULL,NULL,NULL,NULL,NULL,NULL,NULL,NULL,NULL,NULL,NULL,NULL,NULL,NULL,NULL,NULL,NULL,NULL,NULL,NULL,NULL,NULL),(159,'SELF_SWITCH',1,0,1,0,0,0,'','','0','','0','','','',NULL,NULL,NULL,NULL,NULL,NULL,NULL,NULL,NULL,NULL,NULL,NULL,NULL,NULL,NULL,NULL,NULL,NULL,NULL,NULL,NULL,NULL,NULL,NULL,NULL,NULL,NULL,NULL,NULL,NULL,NULL,NULL,NULL,NULL,NULL,NULL,NULL,NULL,NULL,NULL),(160,'SWITCH_f',2,0,1,0,0,0,'','n','0','1','0','0','0','','number of inputs','connected input',NULL,NULL,NULL,NULL,NULL,NULL,NULL,NULL,NULL,NULL,NULL,NULL,NULL,NULL,NULL,NULL,NULL,NULL,NULL,NULL,NULL,NULL,NULL,NULL,NULL,NULL,NULL,NULL,NULL,NULL,NULL,NULL,NULL,NULL,NULL,NULL,NULL,NULL),(161,'SWITCH2_m',3,0,1,0,0,0,'','3','0','1','0','0','0','','Datatype (1=real double 2=complex 3=int32..)','pass first input if: u2>=a(0), u2>a(1), u2~=a(2)','threshold a','use zero crossing: yes(1),no(0)',NULL,NULL,NULL,NULL,NULL,NULL,NULL,NULL,NULL,NULL,NULL,NULL,NULL,NULL,NULL,NULL,NULL,NULL,NULL,NULL,NULL,NULL,NULL,NULL,NULL,NULL,NULL,NULL,NULL,NULL,NULL,NULL,NULL,NULL,NULL,NULL),(162,'CONSTRAINT_c',1,0,1,0,0,0,'x == 0','1','0','1','0','0','0','x == n','Initial guess value',NULL,NULL,NULL,NULL,NULL,NULL,NULL,NULL,NULL,NULL,NULL,NULL,NULL,NULL,NULL,NULL,NULL,NULL,NULL,NULL,NULL,NULL,NULL,NULL,NULL,NULL,NULL,NULL,NULL,NULL,NULL,NULL,NULL,NULL,NULL,NULL,NULL,NULL,NULL),(163,'CONSTRAINT2_c',1,0,2,0,0,0,'x == 0,  x\' == 0','1','0','2','0','0','0','x == n,  x\' == n','Initial guess value of state x','initial guess value of derivative x','ld(1)=1: If x(i) is present in the feedback, else ld(i)=0',NULL,NULL,NULL,NULL,NULL,NULL,NULL,NULL,NULL,NULL,NULL,NULL,NULL,NULL,NULL,NULL,NULL,NULL,NULL,NULL,NULL,NULL,NULL,NULL,NULL,NULL,NULL,NULL,NULL,NULL,NULL,NULL,NULL,NULL,NULL,NULL,NULL),(164,'DIFF_f',1,0,1,0,0,0,'S','1','0','1','0','0','0','S','Initial state','Initial Derivative',NULL,NULL,NULL,NULL,NULL,NULL,NULL,NULL,NULL,NULL,NULL,NULL,NULL,NULL,NULL,NULL,NULL,NULL,NULL,NULL,NULL,NULL,NULL,NULL,NULL,NULL,NULL,NULL,NULL,NULL,NULL,NULL,NULL,NULL,NULL,NULL,NULL,NULL),(165,'TEXT_f',0,0,0,0,0,0,'...','','0','','0','','','',NULL,NULL,NULL,NULL,NULL,NULL,NULL,NULL,NULL,NULL,NULL,NULL,NULL,NULL,NULL,NULL,NULL,NULL,NULL,NULL,NULL,NULL,NULL,NULL,NULL,NULL,NULL,NULL,NULL,NULL,NULL,NULL,NULL,NULL,NULL,NULL,NULL,NULL,NULL,NULL),(166,'AFFICH_m',1,0,0,0,1,0,'0.0','1','0','0','0','0/1','0','0.0','input size','font number','font size','color','total number of digits','number of rational part digits','block inherits (0/1)?',NULL,NULL,NULL,NULL,NULL,NULL,NULL,NULL,NULL,NULL,NULL,NULL,NULL,NULL,NULL,NULL,NULL,NULL,NULL,NULL,NULL,NULL,NULL,NULL,NULL,NULL,NULL,NULL,NULL,NULL,NULL,NULL,NULL),(167,'BARXY',2,0,0,0,1,0,'','2','0','0','0','1','0','','Xmin','Xmax','Ymin','Ymax','Segs Thickness',NULL,NULL,NULL,NULL,NULL,NULL,NULL,NULL,NULL,NULL,NULL,NULL,NULL,NULL,NULL,NULL,NULL,NULL,NULL,NULL,NULL,NULL,NULL,NULL,NULL,NULL,NULL,NULL,NULL,NULL,NULL,NULL,NULL,NULL,NULL),(168,'CANIMXY',2,0,0,0,1,0,'','2','0','0','0','1','0','','Number of curves','color(>0) or mark(<0)','line or mark size','Output window number','Output window size','Xmin','Xmax','Ymin','Ymax','Buffer size',NULL,NULL,NULL,NULL,NULL,NULL,NULL,NULL,NULL,NULL,NULL,NULL,NULL,NULL,NULL,NULL,NULL,NULL,NULL,NULL,NULL,NULL,NULL,NULL,NULL,NULL,NULL,NULL,NULL,NULL),(169,'CANIMXY3D',3,0,0,0,1,0,'','3','0','0','0','1','0','','Number of curves','color(>0) or mark(<0)','line or mark size','Output window number','Output window position','Output window sizes','Xmin and Xmax','Ymin and Ymax','Zmin and Zmax','Alpha and Theta','Buffer size',NULL,NULL,NULL,NULL,NULL,NULL,NULL,NULL,NULL,NULL,NULL,NULL,NULL,NULL,NULL,NULL,NULL,NULL,NULL,NULL,NULL,NULL,NULL,NULL,NULL,NULL,NULL,NULL,NULL),(170,'CFSCOPE',0,0,0,0,1,0,'','0','0','0','0','1','0','','color(>0) or mark(<0) vector','Output window number','Output window position','Ymin','Ymax','Refresh period','Buffer size','Links to view',NULL,NULL,NULL,NULL,NULL,NULL,NULL,NULL,NULL,NULL,NULL,NULL,NULL,NULL,NULL,NULL,NULL,NULL,NULL,NULL,NULL,NULL,NULL,NULL,NULL,NULL,NULL,NULL,NULL,NULL,NULL,NULL),(171,'CLKOUTV_f',0,0,0,0,1,0,'1','0','0','0','0','1','0','n','Port Number',NULL,NULL,NULL,NULL,NULL,NULL,NULL,NULL,NULL,NULL,NULL,NULL,NULL,NULL,NULL,NULL,NULL,NULL,NULL,NULL,NULL,NULL,NULL,NULL,NULL,NULL,NULL,NULL,NULL,NULL,NULL,NULL,NULL,NULL,NULL,NULL,NULL,NULL,NULL),(172,'CMAT3D',1,0,0,0,1,0,'','1','0','0','0','1','0','','Bounds vector X','Bounds vector Y','ColorMap','Zmin','Zmax',NULL,NULL,NULL,NULL,NULL,NULL,NULL,NULL,NULL,NULL,NULL,NULL,NULL,NULL,NULL,NULL,NULL,NULL,NULL,NULL,NULL,NULL,NULL,NULL,NULL,NULL,NULL,NULL,NULL,NULL,NULL,NULL,NULL,NULL,NULL),(173,'CMATVIEW',1,0,0,0,1,0,'','1','0','0','0','1','0','','ColorMap','Minimum level range','Maximum level range',NULL,NULL,NULL,NULL,NULL,NULL,NULL,NULL,NULL,NULL,NULL,NULL,NULL,NULL,NULL,NULL,NULL,NULL,NULL,NULL,NULL,NULL,NULL,NULL,NULL,NULL,NULL,NULL,NULL,NULL,NULL,NULL,NULL,NULL,NULL,NULL,NULL),(174,'CMSCOPE',2,0,0,0,1,0,'','n','0','0','0','0/1','0','','Input ports size','Drawing colors or mark','Output window number','Output window position','Output window sizes','Ymin vector','Ymax vector','Refresh Period','Buffer size','Accept herited events','Name of scope',NULL,NULL,NULL,NULL,NULL,NULL,NULL,NULL,NULL,NULL,NULL,NULL,NULL,NULL,NULL,NULL,NULL,NULL,NULL,NULL,NULL,NULL,NULL,NULL,NULL,NULL,NULL,NULL,NULL),(175,'CSCOPE',1,0,0,0,1,0,'','1','0','0','0','1/0','0','','Color(>0) or mark(<0)vector(8 entries)','Output window number','Output window position','Output window sizes','Ymin','Ymax','Refresh period','Buffer size','Accept herited events 0/1','Name of scope',NULL,NULL,NULL,NULL,NULL,NULL,NULL,NULL,NULL,NULL,NULL,NULL,NULL,NULL,NULL,NULL,NULL,NULL,NULL,NULL,NULL,NULL,NULL,NULL,NULL,NULL,NULL,NULL,NULL,NULL),(176,'CSCOPXY',2,0,0,0,1,0,'x, y','2','0','0','0','1','0','x, y','Number of curves','color(>0) or mark(<0)','line or mark size','Output window number','Output window position','Output window size','Xmin','Xmax','Ymin','Yaxm','Buffer size',NULL,NULL,NULL,NULL,NULL,NULL,NULL,NULL,NULL,NULL,NULL,NULL,NULL,NULL,NULL,NULL,NULL,NULL,NULL,NULL,NULL,NULL,NULL,NULL,NULL,NULL,NULL,NULL,NULL),(177,'CSCOPXY3D',3,0,0,0,1,0,'x, y, z','3','0','0','0','1','0','x, y, z','Number of curves','color(>0) or mark(<0)','line or mark size','Output window number','Output window position','Output window size','Xmin and Xmax','Ymin and Ymax','Zmin and Zmax','Alpha and Theta','Buffer size',NULL,NULL,NULL,NULL,NULL,NULL,NULL,NULL,NULL,NULL,NULL,NULL,NULL,NULL,NULL,NULL,NULL,NULL,NULL,NULL,NULL,NULL,NULL,NULL,NULL,NULL,NULL,NULL,NULL),(178,'OUT_f',1,0,0,0,0,0,'1','1','0','0','0','0','0','1/n','Port number',NULL,NULL,NULL,NULL,NULL,NULL,NULL,NULL,NULL,NULL,NULL,NULL,NULL,NULL,NULL,NULL,NULL,NULL,NULL,NULL,NULL,NULL,NULL,NULL,NULL,NULL,NULL,NULL,NULL,NULL,NULL,NULL,NULL,NULL,NULL,NULL,NULL,NULL,NULL),(179,'OUTIMPL_f',0,1,0,0,0,0,'1','1','1','0','0','0','0','1/n','Port number',NULL,NULL,NULL,NULL,NULL,NULL,NULL,NULL,NULL,NULL,NULL,NULL,NULL,NULL,NULL,NULL,NULL,NULL,NULL,NULL,NULL,NULL,NULL,NULL,NULL,NULL,NULL,NULL,NULL,NULL,NULL,NULL,NULL,NULL,NULL,NULL,NULL,NULL,NULL),(180,'TOWS_c',1,0,0,0,1,0,'To workspace A [128]','1','0','0','0','0/1','0','To workspace A [n]','Size of buffer','Scilab variable name','Inherit (no:0, yes:1)',NULL,NULL,NULL,NULL,NULL,NULL,NULL,NULL,NULL,NULL,NULL,NULL,NULL,NULL,NULL,NULL,NULL,NULL,NULL,NULL,NULL,NULL,NULL,NULL,NULL,NULL,NULL,NULL,NULL,NULL,NULL,NULL,NULL,NULL,NULL,NULL,NULL),(181,'TRASH_f',1,0,0,0,1,0,'Trash','1','0','0','0','1','0','Trash',NULL,NULL,NULL,NULL,NULL,NULL,NULL,NULL,NULL,NULL,NULL,NULL,NULL,NULL,NULL,NULL,NULL,NULL,NULL,NULL,NULL,NULL,NULL,NULL,NULL,NULL,NULL,NULL,NULL,NULL,NULL,NULL,NULL,NULL,NULL,NULL,NULL,NULL,NULL,NULL),(182,'WRITEAU_f',1,0,0,0,1,0,'Write AU to /dev/audio','1','0','0','0','1','0','Write AU to /dev/audio','Buffer Size','Swap Mode (0:No,1:Yes)',NULL,NULL,NULL,NULL,NULL,NULL,NULL,NULL,NULL,NULL,NULL,NULL,NULL,NULL,NULL,NULL,NULL,NULL,NULL,NULL,NULL,NULL,NULL,NULL,NULL,NULL,NULL,NULL,NULL,NULL,NULL,NULL,NULL,NULL,NULL,NULL,NULL,NULL),(183,'WRITEC_f',1,0,0,0,1,0,'Write to C binary file','1','0','0','0','1','0','Write to C binary file','Input Size','Output File Name','Output Format','Buffer Size','Swap Mode (0:No,1:Yes)',NULL,NULL,NULL,NULL,NULL,NULL,NULL,NULL,NULL,NULL,NULL,NULL,NULL,NULL,NULL,NULL,NULL,NULL,NULL,NULL,NULL,NULL,NULL,NULL,NULL,NULL,NULL,NULL,NULL,NULL,NULL,NULL,NULL,NULL,NULL),(184,'CLKINV_f',0,0,0,0,0,1,'1','0','0','0','0','0','1','n','Port Number',NULL,NULL,NULL,NULL,NULL,NULL,NULL,NULL,NULL,NULL,NULL,NULL,NULL,NULL,NULL,NULL,NULL,NULL,NULL,NULL,NULL,NULL,NULL,NULL,NULL,NULL,NULL,NULL,NULL,NULL,NULL,NULL,NULL,NULL,NULL,NULL,NULL,NULL,NULL),(185,'CLOCK_c',0,0,0,0,0,1,'','0','0','0','0','0','1','','Period','Initialisation Time',NULL,NULL,NULL,NULL,NULL,NULL,NULL,NULL,NULL,NULL,NULL,NULL,NULL,NULL,NULL,NULL,NULL,NULL,NULL,NULL,NULL,NULL,NULL,NULL,NULL,NULL,NULL,NULL,NULL,NULL,NULL,NULL,NULL,NULL,NULL,NULL,NULL,NULL),(186,'CONST',0,0,1,0,0,0,'1','0','0','1','0','0','0','n','Constant',NULL,NULL,NULL,NULL,NULL,NULL,NULL,NULL,NULL,NULL,NULL,NULL,NULL,NULL,NULL,NULL,NULL,NULL,NULL,NULL,NULL,NULL,NULL,NULL,NULL,NULL,NULL,NULL,NULL,NULL,NULL,NULL,NULL,NULL,NULL,NULL,NULL,NULL,NULL),(187,'CONST_f',0,0,1,0,0,0,'1','0','0','1','0','0','0','n','Constant',NULL,NULL,NULL,NULL,NULL,NULL,NULL,NULL,NULL,NULL,NULL,NULL,NULL,NULL,NULL,NULL,NULL,NULL,NULL,NULL,NULL,NULL,NULL,NULL,NULL,NULL,NULL,NULL,NULL,NULL,NULL,NULL,NULL,NULL,NULL,NULL,NULL,NULL,NULL),(188,'CONST_m',0,0,1,0,0,0,'1','0','0','1','0','0','0','n','Constant value',NULL,NULL,NULL,NULL,NULL,NULL,NULL,NULL,NULL,NULL,NULL,NULL,NULL,NULL,NULL,NULL,NULL,NULL,NULL,NULL,NULL,NULL,NULL,NULL,NULL,NULL,NULL,NULL,NULL,NULL,NULL,NULL,NULL,NULL,NULL,NULL,NULL,NULL,NULL),(189,'Counter',0,0,1,0,1,0,'Counter 0 --> 2','0','0','1','0','1','0','Counter n --> n','Minimum','Maximum','Rule( 1:increment, 2:Decrement)',NULL,NULL,NULL,NULL,NULL,NULL,NULL,NULL,NULL,NULL,NULL,NULL,NULL,NULL,NULL,NULL,NULL,NULL,NULL,NULL,NULL,NULL,NULL,NULL,NULL,NULL,NULL,NULL,NULL,NULL,NULL,NULL,NULL,NULL,NULL,NULL,NULL),(190,'CURV_f',0,0,1,0,0,0,'Curve','0','0','1','0','0','0','Curve','xmin','xmax','ymin','ymax',NULL,NULL,NULL,NULL,NULL,NULL,NULL,NULL,NULL,NULL,NULL,NULL,NULL,NULL,NULL,NULL,NULL,NULL,NULL,NULL,NULL,NULL,NULL,NULL,NULL,NULL,NULL,NULL,NULL,NULL,NULL,NULL,NULL,NULL,NULL,NULL),(191,'FROMWSB',0,0,1,0,0,0,'From workspace','0','0','1','0','0','0','From workspace','Variable name','Interpolation Method','Enable zero crossing (0:No, 1:Yes)?','Output at end (0:Zero, 1:Hold, 2:Repeat)',NULL,NULL,NULL,NULL,NULL,NULL,NULL,NULL,NULL,NULL,NULL,NULL,NULL,NULL,NULL,NULL,NULL,NULL,NULL,NULL,NULL,NULL,NULL,NULL,NULL,NULL,NULL,NULL,NULL,NULL,NULL,NULL,NULL,NULL,NULL,NULL),(192,'GENSIN_f',0,0,1,0,0,0,'','0','0','1','0','0','0','','Magnitude','Frequency (rad/s)','Phase (rad)',NULL,NULL,NULL,NULL,NULL,NULL,NULL,NULL,NULL,NULL,NULL,NULL,NULL,NULL,NULL,NULL,NULL,NULL,NULL,NULL,NULL,NULL,NULL,NULL,NULL,NULL,NULL,NULL,NULL,NULL,NULL,NULL,NULL,NULL,NULL,NULL,NULL),(193,'GENSQR_f',0,0,1,0,1,0,'','0','0','1','0','1','0','','Amplitude',NULL,NULL,NULL,NULL,NULL,NULL,NULL,NULL,NULL,NULL,NULL,NULL,NULL,NULL,NULL,NULL,NULL,NULL,NULL,NULL,NULL,NULL,NULL,NULL,NULL,NULL,NULL,NULL,NULL,NULL,NULL,NULL,NULL,NULL,NULL,NULL,NULL,NULL,NULL),(194,'IN_f',0,0,1,0,0,0,'1','0','0','1','0','0','0','n','Port number','Output size ([-1,-2] for inherit)','Output type (-1 for inherit)',NULL,NULL,NULL,NULL,NULL,NULL,NULL,NULL,NULL,NULL,NULL,NULL,NULL,NULL,NULL,NULL,NULL,NULL,NULL,NULL,NULL,NULL,NULL,NULL,NULL,NULL,NULL,NULL,NULL,NULL,NULL,NULL,NULL,NULL,NULL,NULL,NULL),(195,'INIMPL_f',0,0,0,1,0,0,'1','0','0','1','1','0','0','n','Port Number',NULL,NULL,NULL,NULL,NULL,NULL,NULL,NULL,NULL,NULL,NULL,NULL,NULL,NULL,NULL,NULL,NULL,NULL,NULL,NULL,NULL,NULL,NULL,NULL,NULL,NULL,NULL,NULL,NULL,NULL,NULL,NULL,NULL,NULL,NULL,NULL,NULL,NULL,NULL),(196,'Modulo_Count',0,0,1,0,1,0,'Counter Modulo 3','0','0','1','0','1','0','Counter Modulo n','Initial State (zero or positive number)','Upper Limit (positive number)',NULL,NULL,NULL,NULL,NULL,NULL,NULL,NULL,NULL,NULL,NULL,NULL,NULL,NULL,NULL,NULL,NULL,NULL,NULL,NULL,NULL,NULL,NULL,NULL,NULL,NULL,NULL,NULL,NULL,NULL,NULL,NULL,NULL,NULL,NULL,NULL,NULL,NULL),(197,'PULSE_SC',0,0,1,0,0,0,'','0','0','1','0','0','0','','Phase delay (secs) :','Pulse Width (% of period) :','Period (secs) :','Amplitude',NULL,NULL,NULL,NULL,NULL,NULL,NULL,NULL,NULL,NULL,NULL,NULL,NULL,NULL,NULL,NULL,NULL,NULL,NULL,NULL,NULL,NULL,NULL,NULL,NULL,NULL,NULL,NULL,NULL,NULL,NULL,NULL,NULL,NULL,NULL,NULL),(198,'RAMP',0,0,1,0,0,0,'','0','0','1','0','0','0','','Slope','Start Time','Initial Value',NULL,NULL,NULL,NULL,NULL,NULL,NULL,NULL,NULL,NULL,NULL,NULL,NULL,NULL,NULL,NULL,NULL,NULL,NULL,NULL,NULL,NULL,NULL,NULL,NULL,NULL,NULL,NULL,NULL,NULL,NULL,NULL,NULL,NULL,NULL,NULL,NULL),(199,'RAND_m',0,0,1,0,1,0,'Random generator','0','0','1','0','1','0','Random generator','Datatype (1=real double 2=complex)','flag','A','B','SEED',NULL,NULL,NULL,NULL,NULL,NULL,NULL,NULL,NULL,NULL,NULL,NULL,NULL,NULL,NULL,NULL,NULL,NULL,NULL,NULL,NULL,NULL,NULL,NULL,NULL,NULL,NULL,NULL,NULL,NULL,NULL,NULL,NULL,NULL,NULL),(200,'READAU_f',0,0,1,0,1,0,'Read from .au sound file','0','0','1','0','1','0','Read from .au sound file','Input File Name','Buffer size','Swap Mode (0:No, 1:Yes)',NULL,NULL,NULL,NULL,NULL,NULL,NULL,NULL,NULL,NULL,NULL,NULL,NULL,NULL,NULL,NULL,NULL,NULL,NULL,NULL,NULL,NULL,NULL,NULL,NULL,NULL,NULL,NULL,NULL,NULL,NULL,NULL,NULL,NULL,NULL,NULL,NULL),(201,'READC_f',0,0,1,0,1,0,'Read from C binary file','0','0','1','0','1','0','Read from C binary file','Time Record Selection','Outputs Record Selection','Input File Name','Input Format','Record Size','Buffer Size','Initial Record Index','Swap Mode (0:No, 1:Yes)',NULL,NULL,NULL,NULL,NULL,NULL,NULL,NULL,NULL,NULL,NULL,NULL,NULL,NULL,NULL,NULL,NULL,NULL,NULL,NULL,NULL,NULL,NULL,NULL,NULL,NULL,NULL,NULL,NULL,NULL,NULL,NULL),(202,'RFILE_f',0,0,1,0,1,0,'Read from input file','0','0','1','0','1','0','Read from input file','Time Record Selection','Outputs Record Selection','Input File Name','Input Format','Buffer Size',NULL,NULL,NULL,NULL,NULL,NULL,NULL,NULL,NULL,NULL,NULL,NULL,NULL,NULL,NULL,NULL,NULL,NULL,NULL,NULL,NULL,NULL,NULL,NULL,NULL,NULL,NULL,NULL,NULL,NULL,NULL,NULL,NULL,NULL,NULL),(203,'SampleCLK',0,0,0,0,0,1,'','0','0','0','0','0','1','','Sample time','Offset',NULL,NULL,NULL,NULL,NULL,NULL,NULL,NULL,NULL,NULL,NULL,NULL,NULL,NULL,NULL,NULL,NULL,NULL,NULL,NULL,NULL,NULL,NULL,NULL,NULL,NULL,NULL,NULL,NULL,NULL,NULL,NULL,NULL,NULL,NULL,NULL,NULL,NULL),(204,'SAWTOOTH_f',0,0,1,0,1,0,'','','0','','0','','','',NULL,NULL,NULL,NULL,NULL,NULL,NULL,NULL,NULL,NULL,NULL,NULL,NULL,NULL,NULL,NULL,NULL,NULL,NULL,NULL,NULL,NULL,NULL,NULL,NULL,NULL,NULL,NULL,NULL,NULL,NULL,NULL,NULL,NULL,NULL,NULL,NULL,NULL,NULL,NULL),(205,'Sigbuilder',0,0,1,0,0,1,'Signal Builder','0','0','1','0','0','1','Signal Builder','Spline Method (0..7)','x','y','Periodic signal (y/n)?','Launch graphic window (y/n)?',NULL,NULL,NULL,NULL,NULL,NULL,NULL,NULL,NULL,NULL,NULL,NULL,NULL,NULL,NULL,NULL,NULL,NULL,NULL,NULL,NULL,NULL,NULL,NULL,NULL,NULL,NULL,NULL,NULL,NULL,NULL,NULL,NULL,NULL,NULL),(206,'STEP_FUNCTION',0,0,1,0,0,0,'','0','0','1','0','0','0','','Step Time','Initial Value','Final Value',NULL,NULL,NULL,NULL,NULL,NULL,NULL,NULL,NULL,NULL,NULL,NULL,NULL,NULL,NULL,NULL,NULL,NULL,NULL,NULL,NULL,NULL,NULL,NULL,NULL,NULL,NULL,NULL,NULL,NULL,NULL,NULL,NULL,NULL,NULL,NULL,NULL),(207,'TIME_f',0,0,1,0,0,0,'','','0','','0','','','',NULL,NULL,NULL,NULL,NULL,NULL,NULL,NULL,NULL,NULL,NULL,NULL,NULL,NULL,NULL,NULL,NULL,NULL,NULL,NULL,NULL,NULL,NULL,NULL,NULL,NULL,NULL,NULL,NULL,NULL,NULL,NULL,NULL,NULL,NULL,NULL,NULL,NULL,NULL,NULL),(208,'TKSCALE',0,0,1,0,1,0,'TK Scale','0','0','1','0','1','0','TK Scale','Min value','Max value','Normalization',NULL,NULL,NULL,NULL,NULL,NULL,NULL,NULL,NULL,NULL,NULL,NULL,NULL,NULL,NULL,NULL,NULL,NULL,NULL,NULL,NULL,NULL,NULL,NULL,NULL,NULL,NULL,NULL,NULL,NULL,NULL,NULL,NULL,NULL,NULL,NULL,NULL),(209,'Bache',0,2,1,2,0,0,'','2','2','3','2','0','0','','Pression dans le ciel de la bache: Patm(pa)','Section de la bache : A(m2)','Altitude du piquage de entree : ze1(m)','Altitude du piquage de entree : ze2(m)','Altitude du piquage de sortie 1: zs1(m)','Altitude du piquage de sortie 2: zs2(m)','Altitude de initiale du fluide : z0(m)','Temperature initiale du fluide : T0(K)','Si>0, masse volumique imposee du fluide : p_rho(kg/m3)',NULL,NULL,NULL,NULL,NULL,NULL,NULL,NULL,NULL,NULL,NULL,NULL,NULL,NULL,NULL,NULL,NULL,NULL,NULL,NULL,NULL,NULL,NULL,NULL,NULL,NULL,NULL,NULL,NULL,NULL,NULL),(210,'Flowmeter',0,1,1,1,0,0,'','','1','','1','','','',NULL,NULL,NULL,NULL,NULL,NULL,NULL,NULL,NULL,NULL,NULL,NULL,NULL,NULL,NULL,NULL,NULL,NULL,NULL,NULL,NULL,NULL,NULL,NULL,NULL,NULL,NULL,NULL,NULL,NULL,NULL,NULL,NULL,NULL,NULL,NULL,NULL,NULL,NULL,NULL),(211,'PerteDP',0,1,0,1,0,0,'','','1','','1','','','',NULL,NULL,NULL,NULL,NULL,NULL,NULL,NULL,NULL,NULL,NULL,NULL,NULL,NULL,NULL,NULL,NULL,NULL,NULL,NULL,NULL,NULL,NULL,NULL,NULL,NULL,NULL,NULL,NULL,NULL,NULL,NULL,NULL,NULL,NULL,NULL,NULL,NULL,NULL,NULL),(212,'PuitsP',0,1,0,0,0,0,'','1','1','0','0','0','0','','Pression de la source: P0 (Pa)','Temperature de la source: T0(K)','Enthalpie specifique de la source: H0 (J/kg)','1:temperature fixee -2:enthalpie fixee : option_temperature',NULL,NULL,NULL,NULL,NULL,NULL,NULL,NULL,NULL,NULL,NULL,NULL,NULL,NULL,NULL,NULL,NULL,NULL,NULL,NULL,NULL,NULL,NULL,NULL,NULL,NULL,NULL,NULL,NULL,NULL,NULL,NULL,NULL,NULL,NULL,NULL),(213,'SourceP',0,0,0,1,0,0,'S','0','0','1','1','0','0','S','Pression de la source: P0 (Pa)','Temperature de la source: T0(K)','Enthalpie specifique de la source: H0 (J/kg)','1:temperature fixee -2:enthalpie fixee : option_temperature',NULL,NULL,NULL,NULL,NULL,NULL,NULL,NULL,NULL,NULL,NULL,NULL,NULL,NULL,NULL,NULL,NULL,NULL,NULL,NULL,NULL,NULL,NULL,NULL,NULL,NULL,NULL,NULL,NULL,NULL,NULL,NULL,NULL,NULL,NULL,NULL),(214,'VanneReglante',1,1,0,1,0,0,'','2','1','1','1','0','0','','Cvmax','p_rho',NULL,NULL,NULL,NULL,NULL,NULL,NULL,NULL,NULL,NULL,NULL,NULL,NULL,NULL,NULL,NULL,NULL,NULL,NULL,NULL,NULL,NULL,NULL,NULL,NULL,NULL,NULL,NULL,NULL,NULL,NULL,NULL,NULL,NULL,NULL,NULL,NULL,NULL),(215,'BOUNCE',0,0,2,0,0,0,'Bouncing balls','0','0','2','0','0','0','Bouncing balls','Mass','Radius','[xmin,xmax,ymin,ymax]','xpos','xdpos','ypos','ydpos','g(gravity)','C(aerodynamic coeff)',NULL,NULL,NULL,NULL,NULL,NULL,NULL,NULL,NULL,NULL,NULL,NULL,NULL,NULL,NULL,NULL,NULL,NULL,NULL,NULL,NULL,NULL,NULL,NULL,NULL,NULL,NULL,NULL,NULL,NULL,NULL),(216,'BOUNCEXY',2,0,0,0,1,0,'','2','0','0','0','1','0','','colors','radii','window number( -1 for automatic)','animation mode(0,1)','Xmin','Xmax','Ymin','Ymax',NULL,NULL,NULL,NULL,NULL,NULL,NULL,NULL,NULL,NULL,NULL,NULL,NULL,NULL,NULL,NULL,NULL,NULL,NULL,NULL,NULL,NULL,NULL,NULL,NULL,NULL,NULL,NULL,NULL,NULL,NULL,NULL),(217,'BPLATFORM',2,0,0,0,1,0,'','2','0','0','0','1','0','','pendulum length','cart size (square side)','slope','Xmin','Xmax','Ymin','Ymax',NULL,NULL,NULL,NULL,NULL,NULL,NULL,NULL,NULL,NULL,NULL,NULL,NULL,NULL,NULL,NULL,NULL,NULL,NULL,NULL,NULL,NULL,NULL,NULL,NULL,NULL,NULL,NULL,NULL,NULL,NULL,NULL,NULL),(218,'c_block',1,0,1,0,0,0,'C block : toto','1','0','1','0','0','0','C block : n','simulation function','is block implicit(y,n)','input ports size','output ports size','input event ports size','output event ports size','initial continuous state','number of zero crossing surfaces','initial discrete state','Real parameters vector','Integer parameter vector','Initial firing vector(0< for no firing)','direct feedthrough( y or n)','time dependence (y or n)',NULL,NULL,NULL,NULL,NULL,NULL,NULL,NULL,NULL,NULL,NULL,NULL,NULL,NULL,NULL,NULL,NULL,NULL,NULL,NULL,NULL,NULL,NULL,NULL,NULL,NULL),(219,'CBLOCK',1,0,1,0,0,0,'C block 2: toto','1','0','1','0','0/1','0/1','C block 2 : n','simulation function','is block implicit(y,n)','input ports sizes','output ports sizes','input event ports sizes','output events ports size','initial continuous state','number of zero crossing surfaces','initial discrete state','Real parameters vector','Integer parameters vector','Initial firing vector(0< for no firing)','direct feedthrough( y or n)','time dependence (y or n)',NULL,NULL,NULL,NULL,NULL,NULL,NULL,NULL,NULL,NULL,NULL,NULL,NULL,NULL,NULL,NULL,NULL,NULL,NULL,NULL,NULL,NULL,NULL,NULL,NULL,NULL),(220,'CBLOCK4',1,0,1,0,0,0,'C block 4: toto','1','0','1','0','0/2','0','C block 4 : n','simulation function','is block implicit(y,n)','input ports sizes','input ports type','Output ports size','Output ports type','Input event ports sizes','Output events ports sizes','Initial continuous state','Initial discrete state','Initial object state','Real parameters vector','Integer parameters vector','Object paramters list','Number of modes','Number of zero crossing','Initial firing vector(0< for no firing)','direct feedthrough( y or n)','time dependence (y or n)',NULL,NULL,NULL,NULL,NULL,NULL,NULL,NULL,NULL,NULL,NULL,NULL,NULL,NULL,NULL,NULL,NULL,NULL,NULL,NULL,NULL),(221,'DEBUG',0,0,0,0,0,0,'Debug : xcos_debug_gui(flag, block);','','0','','0','','','',NULL,NULL,NULL,NULL,NULL,NULL,NULL,NULL,NULL,NULL,NULL,NULL,NULL,NULL,NULL,NULL,NULL,NULL,NULL,NULL,NULL,NULL,NULL,NULL,NULL,NULL,NULL,NULL,NULL,NULL,NULL,NULL,NULL,NULL,NULL,NULL,NULL,NULL,NULL,NULL),(222,'EXPRESSION',2,0,1,0,0,0,'Expression : (u1>0)*sin(u2)^2','','0','','0','','','','number of inputs','scilab expression','use zero-crossing (0:no, 1 yes)',NULL,NULL,NULL,NULL,NULL,NULL,NULL,NULL,NULL,NULL,NULL,NULL,NULL,NULL,NULL,NULL,NULL,NULL,NULL,NULL,NULL,NULL,NULL,NULL,NULL,NULL,NULL,NULL,NULL,NULL,NULL,NULL,NULL,NULL,NULL,NULL,NULL),(223,'fortran_block',1,0,1,0,0,0,'Fortran block: forty','1','0','1','0','0','0','Fortran block: forty','input ports sizes','output port sizes','System parameters vector','function name',NULL,NULL,NULL,NULL,NULL,NULL,NULL,NULL,NULL,NULL,NULL,NULL,NULL,NULL,NULL,NULL,NULL,NULL,NULL,NULL,NULL,NULL,NULL,NULL,NULL,NULL,NULL,NULL,NULL,NULL,NULL,NULL,NULL,NULL,NULL,NULL),(224,'generic_block3',1,0,1,0,0,0,'native block : sinblk','1','0','1','0','0','0','native block : sinblk','Simulation function','Function type (0,1,2,..)','Input ports sizes','Input ports type','Output port sizes','Output ports type','Input event ports sizes','Output events ports sizes','Initial continuous state','Initial discrete state','Initial object state','Real parameters vector','Integer parameters vector','Object parameters list','Number of modes','Number of zero crossings','Initial firing vector (<0 for no firing)','Direct feedthrough (y or n)','Time dependence (y or n)',NULL,NULL,NULL,NULL,NULL,NULL,NULL,NULL,NULL,NULL,NULL,NULL,NULL,NULL,NULL,NULL,NULL,NULL,NULL,NULL,NULL),(225,'MBLOCK',0,1,1,1,0,0,'Modelica generic','','1','','1','','','',NULL,NULL,NULL,NULL,NULL,NULL,NULL,NULL,NULL,NULL,NULL,NULL,NULL,NULL,NULL,NULL,NULL,NULL,NULL,NULL,NULL,NULL,NULL,NULL,NULL,NULL,NULL,NULL,NULL,NULL,NULL,NULL,NULL,NULL,NULL,NULL,NULL,NULL,NULL,NULL),(226,'scifunc_block_m',1,0,1,0,0,0,'Function: y1=sin(u1)','','0','','0','','','',NULL,NULL,NULL,NULL,NULL,NULL,NULL,NULL,NULL,NULL,NULL,NULL,NULL,NULL,NULL,NULL,NULL,NULL,NULL,NULL,NULL,NULL,NULL,NULL,NULL,NULL,NULL,NULL,NULL,NULL,NULL,NULL,NULL,NULL,NULL,NULL,NULL,NULL,NULL,NULL),(227,'SUPER_f',1,0,1,0,0,0,'','','0','','0','','','',NULL,NULL,NULL,NULL,NULL,NULL,NULL,NULL,NULL,NULL,NULL,NULL,NULL,NULL,NULL,NULL,NULL,NULL,NULL,NULL,NULL,NULL,NULL,NULL,NULL,NULL,NULL,NULL,NULL,NULL,NULL,NULL,NULL,NULL,NULL,NULL,NULL,NULL,NULL,NULL);
/*!40101 SET @saved_cs_client     = @@character_set_client */;
/*!40101 SET character_set_client = utf8 */;
CREATE TABLE `categories` (
  `id` int(11) NOT NULL AUTO_INCREMENT,
  `name` varchar(100) DEFAULT NULL,
  `sort_order` int(11) NOT NULL,
  PRIMARY KEY (`id`),
  UNIQUE KEY `name` (`name`)
) ENGINE=InnoDB AUTO_INCREMENT=22 DEFAULT CHARSET=utf8;
/*!40101 SET character_set_client = @saved_cs_client */;
INSERT INTO `categories` VALUES (1,'Commonly Used Blocks',1),(2,'Continuous time systems',2),(3,'Discontinuities',3),(4,'Discrete time systems',4),(5,'Lookup tables',5),(6,'Event handling',6),(7,'Mathematical Operations',7),(8,'Matrix',8),(9,'Electrical',9),(10,'Integer',10),(11,'Port & Subsystem',11),(12,'Zero crossing detection',12),(13,'Signal Routing',13),(14,'Signal Processing',14),(15,'Implicit',15),(16,'Annotations',16),(17,'Sinks',17),(18,'Sources',18),(19,'Thermo-Hydraulics',19),(20,'Demonstration Blocks',20),(21,'User-Defined Functions',21);
